time_s,cart_pos_m,cart_vel_mps,pendulum_angle_rad,pendulum_ang_vel_radps,cart_accel_mps2,pendulum_ang_accel_radps2,applied_force_N,applied_pendulum_torque_Nm
0.000000,0.000000,0.000000,3.141593,0.000000,-0.000000,0.000000,-0.000000,0.000000
0.005000,-0.000002,-0.001178,3.141596,0.001963,-0.471145,0.785189,-0.094232,0.000000
0.010000,-0.000016,-0.004711,3.141619,0.007850,-0.941729,1.569121,-0.188372,0.000000
0.015000,-0.000053,-0.010593,3.141681,0.017650,-1.411192,2.350543,-0.282325,0.000000
0.020000,-0.000126,-0.018820,3.141802,0.031349,-1.878972,3.128201,-0.376000,0.000000
0.025000,-0.000245,-0.029379,3.142001,0.048924,-2.344514,3.900849,-0.469303,0.000000
0.030000,-0.000423,-0.042260,3.142297,0.070347,-2.807261,4.667243,-0.562144,0.000000
0.035000,-0.000672,-0.057446,3.142711,0.095584,-3.266659,5.426148,-0.654430,0.000000
0.040000,-0.001001,-0.074920,3.143260,0.124594,-3.722159,6.176335,-0.746070,0.000000
0.045000,-0.001424,-0.094661,3.143963,0.157331,-4.173211,6.916580,-0.836973,0.000000
0.050000,-0.001952,-0.116644,3.144839,0.193741,-4.619271,7.645666,-0.927051,0.000000
0.055000,-0.002595,-0.140844,3.145906,0.233767,-5.059793,8.362381,-1.016214,0.000000
0.060000,-0.003364,-0.167232,3.147183,0.277342,-5.494235,9.065520,-1.104374,0.000000
0.065000,-0.004271,-0.195775,3.148686,0.324397,-5.922056,9.753878,-1.191444,0.000000
0.070000,-0.005325,-0.226440,3.150432,0.374854,-6.342713,10.426250,-1.277338,0.000000
0.075000,-0.006538,-0.259190,3.152440,0.428631,-6.755662,11.081431,-1.361971,0.000000
0.080000,-0.007921,-0.293983,3.154724,0.485638,-7.160357,11.718209,-1.445261,0.000000
0.085000,-0.009482,-0.330779,3.157301,0.545781,-7.556247,12.335367,-1.527124,0.000000
0.090000,-0.011232,-0.369530,3.160187,0.608957,-7.942777,12.931676,-1.607480,0.000000
0.095000,-0.013180,-0.410190,3.163396,0.675060,-8.319383,13.505892,-1.686250,0.000000
0.100000,-0.015337,-0.452706,3.166942,0.743977,-8.685494,14.056754,-1.763356,0.000000
0.105000,-0.017710,-0.497026,3.170840,0.815587,-9.040529,14.582980,-1.838721,0.000000
0.110000,-0.020310,-0.543092,3.175102,0.889764,-9.383894,15.083264,-1.912272,0.000000
0.115000,-0.023144,-0.590845,3.179742,0.966374,-9.714987,15.556280,-1.983936,0.000000
0.120000,-0.026221,-0.640221,3.184770,1.045279,-10.033191,16.000672,-2.053641,0.000000
0.125000,-0.029549,-0.691154,3.190198,1.126331,-10.337875,16.415059,-2.121320,0.000000
0.130000,-0.033135,-0.743576,3.196036,1.209377,-10.628397,16.798032,-2.186906,0.000000
0.135000,-0.036987,-0.797413,3.202295,1.294256,-10.904102,17.148162,-2.250333,0.000000
0.140000,-0.041111,-0.852591,3.208982,1.380802,-11.164326,17.463998,-2.311540,0.000000
0.145000,-0.045515,-0.909030,3.216105,1.468837,-11.408397,17.744079,-2.370465,0.000000
0.150000,-0.050204,-0.966647,3.223672,1.558180,-11.635635,17.986939,-2.427051,0.000000
0.155000,-0.055183,-1.025357,3.231689,1.648642,-11.845361,18.191113,-2.481242,0.000000
0.160000,-0.060459,-1.085071,3.240160,1.740025,-12.036902,18.355155,-2.532984,0.000000
0.165000,-0.066035,-1.145695,3.249090,1.832125,-12.209590,18.477650,-2.582226,0.000000
0.170000,-0.071917,-1.207134,3.258482,1.924730,-12.362778,18.557230,-2.628920,0.000000
0.175000,-0.078108,-1.269289,3.268338,2.017623,-12.495842,18.592599,-2.673020,0.000000
0.180000,-0.084611,-1.332057,3.278659,2.110579,-12.608192,18.582549,-2.714481,0.000000
0.185000,-0.091429,-1.395335,3.289444,2.203370,-12.699284,18.525988,-2.753264,0.000000
0.190000,-0.098565,-1.459014,3.300692,2.295760,-12.768624,18.421959,-2.789329,0.000000
0.195000,-0.106020,-1.522985,3.312400,2.387512,-12.815786,18.269669,-2.822642,0.000000
0.200000,-0.113795,-1.587136,3.324565,2.478380,-12.840421,18.068523,-2.853170,0.000000
0.205000,-0.121891,-1.651353,3.337182,2.568118,-12.842269,17.818142,-2.880881,0.000000
0.210000,-0.130309,-1.715520,3.350244,2.656477,-12.821166,17.518393,-2.905749,0.000000
0.215000,-0.139046,-1.779524,3.363744,2.743214,-12.777059,17.169409,-2.927750,0.000000
0.220000,-0.148103,-1.843250,3.377673,2.828085,-12.710014,16.771612,-2.946862,0.000000
0.225000,-0.157478,-1.906585,3.392022,2.910848,-12.620220,16.325731,-2.963065,0.000000
0.230000,-0.167168,-1.969416,3.406778,2.991266,-12.508004,15.832817,-2.976344,0.000000
0.235000,-0.177171,-2.031630,3.421930,3.069104,-12.373827,15.294249,-2.986686,0.000000
0.240000,-0.187484,-2.093121,3.437465,3.144141,-12.218286,14.711734,-2.994080,0.000000
0.245000,-0.198101,-2.153781,3.453367,3.216157,-12.042122,14.087315,-2.998520,0.000000
0.250000,-0.209020,-2.213509,3.469621,3.284948,-11.846207,13.423344,-3.000000,0.000000
0.255000,-0.220234,-2.272209,3.486210,3.350324,-11.631533,12.722461,-2.998520,0.000000
0.260000,-0.231740,-2.329792,3.503118,3.412110,-11.399211,11.987571,-2.994080,0.000000
0.265000,-0.243530,-2.386173,3.520325,3.470144,-11.150454,11.221819,-2.986686,0.000000
0.270000,-0.255600,-2.441272,3.537813,3.524282,-10.886568,10.428558,-2.976344,0.000000
0.275000,-0.267941,-2.495017,3.555561,3.574392,-10.608935,9.611310,-2.963065,0.000000
0.280000,-0.280547,-2.547341,3.573550,3.620362,-10.318989,8.773704,-2.946862,0.000000
0.285000,-0.293412,-2.598188,3.591758,3.662101,-10.018199,7.919443,-2.927750,0.000000
0.290000,-0.306527,-2.647507,3.610164,3.699535,-9.708053,7.052254,-2.905749,0.000000
0.295000,-0.319884,-2.695256,3.628746,3.732610,-9.390033,6.175835,-2.880881,0.000000
0.300000,-0.333477,-2.741398,3.647482,3.761287,-9.065597,5.293814,-2.853170,0.000000
0.305000,-0.347295,-2.785905,3.666351,3.785546,-8.736166,4.409706,-2.822642,0.000000
0.310000,-0.361333,-2.828754,3.685330,3.805385,-8.403102,3.526881,-2.789329,0.000000
0.315000,-0.375580,-2.869931,3.704398,3.820819,-8.067697,2.648532,-2.753264,0.000000
0.320000,-0.390029,-2.909428,3.723531,3.831880,-7.731159,1.777644,-2.714481,0.000000
0.325000,-0.404672,-2.947241,3.742709,3.838609,-7.394603,0.916968,-2.673020,0.000000
0.330000,-0.419499,-2.983373,3.761910,3.841067,-7.059039,0.069006,-2.628920,0.000000
0.335000,-0.434503,-3.017834,3.781113,3.839324,-6.725370,-0.763996,-2.582226,0.000000
0.340000,-0.449675,-3.050634,3.800297,3.833460,-6.394392,-1.580052,-2.532984,0.000000
0.345000,-0.465006,-3.081786,3.819441,3.823561,-6.066791,-2.377437,-2.481242,0.000000
0.350000,-0.480490,-3.111310,3.838526,3.809722,-5.743145,-3.154679,-2.427051,0.000000
0.355000,-0.496117,-3.139224,3.857532,3.792048,-5.423919,-3.910560,-2.370465,0.000000
0.360000,-0.511879,-3.165555,3.876440,3.770650,-5.109478,-4.644097,-2.311540,0.000000
0.365000,-0.527770,-3.190326,3.895232,3.745642,-4.800087,-5.354529,-2.250333,0.000000
0.370000,-0.543780,-3.213563,3.913891,3.717141,-4.495926,-6.041300,-2.186906,0.000000
0.375000,-0.559903,-3.235293,3.932398,3.685267,-4.197085,-6.704046,-2.121320,0.000000
0.380000,-0.576130,-3.255543,3.950738,3.650141,-3.903582,-7.342572,-2.053641,0.000000
0.385000,-0.592456,-3.274339,3.968894,3.611885,-3.615370,-7.956834,-1.983936,0.000000
0.390000,-0.608871,-3.291707,3.986852,3.570617,-3.332339,-8.546919,-1.912272,0.000000
0.395000,-0.625371,-3.307672,4.004596,3.526457,-3.054331,-9.113036,-1.838721,0.000000
0.400000,-0.641946,-3.322258,4.022112,3.479525,-2.781141,-9.655494,-1.763356,0.000000
0.405000,-0.658591,-3.335490,4.039386,3.429939,-2.512527,-10.174691,-1.686250,0.000000
0.410000,-0.675299,-3.347390,4.056407,3.377815,-2.248217,-10.671091,-1.607480,0.000000
0.415000,-0.692062,-3.357979,4.073160,3.323264,-1.987919,-11.145217,-1.527124,0.000000
0.420000,-0.708876,-3.367275,4.089636,3.266398,-1.731325,-11.597643,-1.445261,0.000000
0.425000,-0.725733,-3.375297,4.105821,3.207323,-1.478113,-12.028976,-1.361971,0.000000
0.430000,-0.742627,-3.382061,4.121705,3.146142,-1.227958,-12.439849,-1.277338,0.000000
0.435000,-0.759552,-3.387581,4.137279,3.082958,-0.980534,-12.830918,-1.191444,0.000000
0.440000,-0.776501,-3.391870,4.152532,3.017866,-0.735515,-13.202851,-1.104374,0.000000
0.445000,-0.793468,-3.394940,4.167455,2.950960,-0.492585,-13.556325,-1.016214,0.000000
0.450000,-0.810448,-3.396800,4.182038,2.882332,-0.251436,-13.892022,-0.927051,0.000000
0.455000,-0.827434,-3.397457,4.196275,2.812068,-0.011772,-14.210625,-0.836973,0.000000
0.460000,-0.844421,-3.396920,4.210156,2.740253,0.226688,-14.512812,-0.746070,0.000000
0.465000,-0.861402,-3.395193,4.223675,2.666967,0.464207,-14.799261,-0.654430,0.000000
0.470000,-0.878371,-3.392279,4.236824,2.592286,0.701031,-15.070641,-0.562144,0.000000
0.475000,-0.895322,-3.388183,4.249596,2.516284,0.937386,-15.327618,-0.469303,0.000000
0.480000,-0.912251,-3.382905,4.261985,2.439032,1.173478,-15.570850,-0.376000,0.000000
0.485000,-0.929150,-3.376447,4.273984,2.360597,1.409493,-15.800987,-0.282325,0.000000
0.490000,-0.946013,-3.368809,4.285589,2.281043,1.645594,-16.018675,-0.188372,0.000000
0.495000,-0.962836,-3.359990,4.296793,2.200430,1.881923,-16.224552,-0.094232,0.000000
0.500000,-0.979611,-3.349989,4.307591,2.118816,2.118599,-16.419251,0.000000,0.000000
0.505000,-0.996334,-3.338804,4.317979,2.036255,2.355721,-16.603401,0.094232,0.000000
0.510000,-1.012997,-3.326432,4.327952,1.952799,2.593367,-16.777625,0.188372,0.000000
0.515000,-1.029596,-3.312870,4.337506,1.868494,2.831593,-16.942544,0.282325,0.000000
0.520000,-1.046124,-3.298116,4.346636,1.783388,3.070437,-17.098774,0.376000,0.000000
0.525000,-1.062575,-3.282166,4.355338,1.697520,3.309915,-17.246928,0.469303,0.000000
0.530000,-1.078943,-3.265016,4.363610,1.610931,3.550029,-17.387618,0.562144,0.000000
0.535000,-1.095223,-3.246663,4.371447,1.523655,3.790760,-17.521455,0.654430,0.000000
0.540000,-1.111408,-3.227106,4.378846,1.435726,4.032076,-17.649045,0.746070,0.000000
0.545000,-1.127492,-3.206340,4.385803,1.347174,4.273927,-17.770997,0.836973,0.000000
0.550000,-1.143469,-3.184365,4.392317,1.258025,4.516254,-17.887915,0.927051,0.000000
0.555000,-1.159334,-3.161177,4.398383,1.168302,4.758980,-18.000403,1.016214,0.000000
0.560000,-1.175079,-3.136775,4.403998,1.078027,5.002021,-18.109063,1.104374,0.000000
0.565000,-1.190700,-3.111158,4.409162,0.987217,5.245282,-18.214494,1.191444,0.000000
0.570000,-1.206189,-3.084323,4.413870,0.895887,5.488659,-18.317295,1.277338,0.000000
0.575000,-1.221541,-3.056271,4.418120,0.804048,5.732043,-18.418061,1.361971,0.000000
0.580000,-1.236750,-3.027002,4.421909,0.711709,5.975319,-18.517381,1.445261,0.000000
0.585000,-1.251809,-2.996518,4.425236,0.618875,6.218366,-18.615842,1.527124,0.000000
0.590000,-1.266713,-2.964819,4.428097,0.525550,6.461065,-18.714028,1.607480,0.000000
0.595000,-1.281455,-2.931908,4.430491,0.431734,6.703292,-18.812515,1.686250,0.000000
0.600000,-1.296030,-2.897787,4.432414,0.337423,6.944926,-18.911874,1.763356,0.000000
0.605000,-1.310431,-2.862460,4.433864,0.242612,7.185848,-19.012670,1.838721,0.000000
0.610000,-1.324652,-2.825930,4.434839,0.147293,7.425939,-19.115458,1.912272,0.000000
0.615000,-1.338688,-2.788203,4.435336,0.051454,7.665089,-19.220788,1.983936,0.000000
0.620000,-1.352532,-2.749281,4.435353,-0.044919,7.903190,-19.329196,2.053641,0.000000
0.625000,-1.366179,-2.709172,4.434886,-0.141843,8.140141,-19.441210,2.121320,0.000000
0.630000,-1.379622,-2.667881,4.433933,-0.239338,8.375852,-19.557349,2.186906,0.000000
0.635000,-1.392856,-2.625414,4.432491,-0.337423,8.610240,-19.678120,2.250333,0.000000
0.640000,-1.405874,-2.581778,4.430558,-0.436126,8.843232,-19.804017,2.311540,0.000000
0.645000,-1.418672,-2.536981,4.428129,-0.535472,9.074768,-19.935522,2.370465,0.000000
0.650000,-1.431242,-2.491032,4.425202,-0.635492,9.304796,-20.073104,2.427051,0.000000
0.655000,-1.443580,-2.443936,4.421773,-0.736216,9.533281,-20.217220,2.481242,0.000000
0.660000,-1.455680,-2.395703,4.417839,-0.837679,9.760199,-20.368314,2.532984,0.000000
0.665000,-1.467535,-2.346340,4.413395,-0.939915,9.985539,-20.526816,2.582226,0.000000
0.670000,-1.479141,-2.295854,4.408439,-1.042963,10.209306,-20.693143,2.628920,0.000000
0.675000,-1.490492,-2.244253,4.402965,-1.146862,10.431516,-20.867696,2.673020,0.000000
0.680000,-1.501582,-2.191544,4.396969,-1.251654,10.652203,-21.050863,2.714481,0.000000
0.685000,-1.512405,-2.137734,4.390446,-1.357384,10.871412,-21.243016,2.753264,0.000000
0.690000,-1.522957,-2.082831,4.383393,-1.464097,11.089202,-21.444510,2.789329,0.000000
0.695000,-1.533232,-2.026843,4.375803,-1.571842,11.305646,-21.655687,2.822642,0.000000
0.700000,-1.543224,-1.969776,4.367673,-1.680668,11.520830,-21.876871,2.853170,0.000000
0.705000,-1.552928,-1.911636,4.358995,-1.790625,11.734849,-22.108371,2.880881,0.000000
0.710000,-1.562339,-1.852429,4.349764,-1.901767,11.947810,-22.350479,2.905749,0.000000
0.715000,-1.571450,-1.792159,4.339975,-2.014146,12.159830,-22.603465,2.927750,0.000000
0.720000,-1.580258,-1.730831,4.329620,-2.127820,12.371030,-22.867581,2.946862,0.000000
0.725000,-1.588757,-1.668449,4.318694,-2.242844,12.581536,-23.143052,2.963065,0.000000
0.730000,-1.596941,-1.605015,4.307190,-2.359274,12.791473,-23.430079,2.976344,0.000000
0.735000,-1.604805,-1.540534,4.295099,-2.477170,13.000967,-23.728830,2.986686,0.000000
0.740000,-1.612345,-1.475005,4.282416,-2.596588,13.210132,-24.039437,2.994080,0.000000
0.745000,-1.619554,-1.408432,4.269131,-2.717587,13.419076,-24.361989,2.998520,0.000000
0.750000,-1.626427,-1.340816,4.255237,-2.840227,13.627887,-24.696525,3.000000,0.000000
0.755000,-1.632960,-1.272156,4.240726,-2.964568,13.836631,-25.043022,2.998520,0.000000
0.760000,-1.639147,-1.202452,4.225588,-3.090671,14.045344,-25.401386,2.994080,0.000000
0.765000,-1.644983,-1.131705,4.209816,-3.218596,14.254024,-25.771436,2.986686,0.000000
0.770000,-1.650462,-1.059914,4.193399,-3.348400,14.462613,-26.152879,2.976344,0.000000
0.775000,-1.655580,-0.987082,4.176329,-3.480137,14.670994,-26.545298,2.963065,0.000000
0.780000,-1.660332,-0.913206,4.158595,-3.613867,14.878978,-26.948126,2.946862,0.000000
0.785000,-1.664711,-0.838291,4.140187,-3.749638,15.086280,-27.360605,2.927750,0.000000
0.790000,-1.668713,-0.762341,4.121095,-3.887496,15.292502,-27.781750,2.905749,0.000000
0.795000,-1.672332,-0.685364,4.101308,-4.027478,15.497109,-28.210305,2.880881,0.000000
0.800000,-1.675565,-0.607372,4.080816,-4.169613,15.699412,-28.644695,2.853170,0.000000
0.805000,-1.678404,-0.528377,4.059608,-4.313928,15.898538,-29.082965,2.822642,0.000000
0.810000,-1.680847,-0.448397,4.037673,-4.460438,16.093406,-29.522718,2.789329,0.000000
0.815000,-1.682887,-0.367456,4.015000,-4.609145,16.282681,-29.961021,2.753264,0.000000
0.820000,-1.684520,-0.285585,3.991578,-4.760033,16.464729,-30.394313,2.714481,0.000000
0.825000,-1.685741,-0.202824,3.967396,-4.913072,16.637597,-30.818320,2.673020,0.000000
0.830000,-1.686547,-0.119225,3.942444,-5.068201,16.798932,-31.227907,2.628920,0.000000
0.835000,-1.686932,-0.034854,3.916711,-5.225328,16.945940,-31.616962,2.582226,0.000000
0.840000,-1.686894,0.050207,3.890188,-5.384328,17.075340,-31.978270,2.532984,0.000000
0.845000,-1.686429,0.135861,3.862865,-5.545044,17.183324,-32.303395,2.481242,0.000000
0.850000,-1.685535,0.221993,3.834735,-5.707275,17.265490,-32.582523,2.427051,0.000000
0.855000,-1.684209,0.308460,3.805791,-5.870762,17.316792,-32.804328,2.370465,0.000000
0.860000,-1.682450,0.395099,3.776026,-6.035198,17.331529,-32.955905,2.311540,0.000000
0.865000,-1.680258,0.481709,3.745437,-6.200192,17.303289,-33.022638,2.250333,0.000000
0.870000,-1.677633,0.568055,3.714023,-6.365273,17.224968,-32.988220,2.186906,0.000000
0.875000,-1.674578,0.653865,3.681785,-6.529883,17.088841,-32.834749,2.121320,0.000000
0.880000,-1.671096,0.738830,3.648726,-6.693382,16.886660,-32.542945,2.053641,0.000000
0.885000,-1.667192,0.822606,3.614855,-6.855046,16.609821,-32.092489,1.983936,0.000000
0.890000,-1.662873,0.904795,3.580181,-7.014021,16.249535,-31.462469,1.912272,0.000000
0.895000,-1.658147,0.984950,3.544720,-7.169341,15.797164,-30.632127,1.838721,0.000000
0.900000,-1.653027,1.062592,3.508495,-7.319957,15.244684,-29.581902,1.763356,0.000000
0.905000,-1.647526,1.137208,3.471530,-7.464741,14.585149,-28.294576,1.686250,0.000000
0.910000,-1.641661,1.208254,3.433859,-7.602481,13.813223,-26.756565,1.607480,0.000000
0.915000,-1.635451,1.275154,3.395520,-7.731889,12.925744,-24.959332,1.527124,0.000000
0.920000,-1.628917,1.337335,3.356556,-7.851678,11.922396,-22.900965,1.445261,0.000000
0.925000,-1.622086,1.394205,3.317021,-7.960512,10.806172,-20.587421,1.361971,0.000000
0.930000,-1.614985,1.445211,3.276972,-8.057132,9.583839,-18.033606,1.277338,0.000000
0.935000,-1.607645,1.489860,3.236472,-8.140428,8.266099,-15.263826,1.191444,0.000000
0.940000,-1.600098,1.527724,3.195592,-8.209434,6.867460,-12.311537,1.104374,0.000000
0.945000,-1.592379,1.558438,3.154403,-8.263328,5.405860,-9.218468,1.016214,0.000000
0.950000,-1.584526,1.581720,3.112984,-8.301481,3.902020,-6.033015,0.927051,0.000000
0.955000,-1.576575,1.597424,3.071414,-8.323588,2.378490,-2.807918,0.836973,0.000000
0.960000,-1.568564,1.605513,3.029775,-8.329592,0.858509,0.402495,0.746070,0.000000
0.965000,-1.560532,1.606059,2.988146,-8.319692,-0.635187,3.545226,0.654430,0.000000
0.970000,-1.552516,1.599242,2.946604,-8.294339,-2.081445,6.571231,0.562144,0.000000
0.975000,-1.544552,1.585351,2.905227,-8.254235,-3.461640,9.437685,0.469303,0.000000
0.980000,-1.536674,1.564759,2.864085,-8.200279,-4.760412,12.109715,0.376000,0.000000
0.985000,-1.528914,1.537903,2.823245,-8.133506,-5.966052,14.561312,0.282325,0.000000
0.990000,-1.521304,1.505267,2.782769,-8.055062,-7.070612,16.775493,0.188372,0.000000
0.995000,-1.513871,1.467372,2.742712,-7.966161,-8.069767,18.743896,0.094232,0.000000
1.000000,-1.506638,1.424762,2.703123,-7.868057,-8.962497,20.465909,0.000000,0.000000
1.005000,-1.499628,1.379047,2.664042,-7.763580,-9.327552,21.321240,0.000000,0.000000
1.010000,-1.492851,1.331668,2.625494,-7.655206,-9.610903,22.000398,0.000000,0.000000
1.015000,-1.486313,1.283064,2.587495,-7.543844,-9.818841,22.519153,0.000000,0.000000
1.020000,-1.480022,1.233594,2.550059,-7.430256,-9.958075,22.894099,0.000000,0.000000
1.025000,-1.473978,1.183586,2.513195,-7.315115,-10.035520,23.142069,0.000000,0.000000
1.030000,-1.468186,1.133329,2.476909,-7.199016,-10.058060,23.279545,0.000000,0.000000
1.035000,-1.462645,1.083084,2.441205,-7.082473,-10.032350,23.322236,0.000000,0.000000
1.040000,-1.457355,1.033076,2.406084,-6.965927,-9.964676,23.284773,0.000000,0.000000
1.045000,-1.452314,0.983499,2.371546,-6.849741,-9.860860,23.180520,0.000000,0.000000
1.050000,-1.447519,0.934521,2.337586,-6.734219,-9.726235,23.021524,0.000000,0.000000
1.055000,-1.442967,0.886282,2.304202,-6.619603,-9.565592,22.818467,0.000000,0.000000
1.060000,-1.438654,0.838900,2.271388,-6.506088,-9.383226,22.580745,0.000000,0.000000
1.065000,-1.434576,0.792476,2.239139,-6.393831,-9.182950,22.316537,0.000000,0.000000
1.070000,-1.430728,0.747093,2.207447,-6.282951,-8.968113,22.032885,0.000000,0.000000
1.075000,-1.427104,0.702816,2.176307,-6.173528,-8.741622,21.735783,0.000000,0.000000
1.080000,-1.423698,0.659695,2.145710,-6.065614,-8.506001,21.430300,0.000000,0.000000
1.085000,-1.420505,0.617771,2.115648,-5.959241,-8.263431,21.120696,0.000000,0.000000
1.090000,-1.417518,0.577072,2.086115,-5.854414,-8.015768,20.810499,0.000000,0.000000
1.095000,-1.414732,0.537618,2.057101,-5.751129,-7.764612,20.502623,0.000000,0.000000
1.100000,-1.412140,0.499424,2.028601,-5.649370,-7.511328,20.199450,0.000000,0.000000
1.105000,-1.409735,0.462501,2.000605,-5.549112,-7.257079,19.902898,0.000000,0.000000
1.110000,-1.407513,0.426851,1.973107,-5.450323,-7.002843,19.614482,0.000000,0.000000
1.115000,-1.405465,0.392473,1.946100,-5.352955,-6.749436,19.335379,0.000000,0.000000
1.120000,-1.403586,0.359357,1.919576,-5.256957,-6.497532,19.066471,0.000000,0.000000
1.125000,-1.401869,0.327496,1.893528,-5.162277,-6.247705,18.808412,0.000000,0.000000
1.130000,-1.400309,0.296879,1.867951,-5.068859,-6.000429,18.561652,0.000000,0.000000
1.135000,-1.398898,0.267489,1.842837,-4.976645,-5.756092,18.326470,0.000000,0.000000
1.140000,-1.397632,0.239312,1.818182,-4.885575,-5.515013,18.103009,0.000000,0.000000
1.145000,-1.396503,0.212331,1.793980,-4.795592,-5.277456,17.891295,0.000000,0.000000
1.150000,-1.395507,0.186529,1.770225,-4.706637,-5.043634,17.691259,0.000000,0.000000
1.155000,-1.394636,0.161886,1.746912,-4.618655,-4.813721,17.502752,0.000000,0.000000
1.160000,-1.393886,0.138383,1.724037,-4.531589,-4.587850,17.325564,0.000000,0.000000
1.165000,-1.393250,0.116001,1.701595,-4.445382,-4.366129,17.159431,0.000000,0.000000
1.170000,-1.392724,0.094716,1.679581,-4.359979,-4.148638,17.004051,0.000000,0.000000
1.175000,-1.392302,0.074508,1.657993,-4.275326,-3.935434,16.859089,0.000000,0.000000
1.180000,-1.391977,0.055355,1.636827,-4.191372,-3.726564,16.724184,0.000000,0.000000
1.185000,-1.391746,0.037236,1.616079,-4.108068,-3.522061,16.598961,0.000000,0.000000
1.190000,-1.391603,0.020128,1.595745,-4.025367,-3.321945,16.483029,0.000000,0.000000
1.195000,-1.391543,0.004009,1.575824,-3.943223,-3.126229,16.375990,0.000000,0.000000
1.200000,-1.391562,-0.011142,1.556312,-3.861593,-2.934916,16.277438,0.000000,0.000000
1.205000,-1.391653,-0.025348,1.537207,-3.780435,-2.748006,16.186969,0.000000,0.000000
1.210000,-1.391813,-0.038630,1.518507,-3.699710,-2.565492,16.104177,0.000000,0.000000
1.215000,-1.392038,-0.051010,1.500210,-3.619381,-2.387366,16.028658,0.000000,0.000000
1.220000,-1.392322,-0.062511,1.482313,-3.539412,-2.213615,15.960015,0.000000,0.000000
1.225000,-1.392662,-0.073154,1.464815,-3.459770,-2.044225,15.897856,0.000000,0.000000
1.230000,-1.393052,-0.082960,1.447715,-3.380423,-1.879180,15.841797,0.000000,0.000000
1.235000,-1.393490,-0.091953,1.431010,-3.301343,-1.718462,15.791460,0.000000,0.000000
1.240000,-1.393970,-0.100152,1.414701,-3.222500,-1.562052,15.746479,0.000000,0.000000
1.245000,-1.394490,-0.107580,1.398785,-3.143870,-1.409932,15.706497,0.000000,0.000000
1.250000,-1.395045,-0.114258,1.383262,-3.065427,-1.262080,15.671169,0.000000,0.000000
1.255000,-1.395631,-0.120208,1.368130,-2.987151,-1.118475,15.640158,0.000000,0.000000
1.260000,-1.396246,-0.125450,1.353390,-2.909019,-0.979094,15.613143,0.000000,0.000000
1.265000,-1.396885,-0.130006,1.339040,-2.831013,-0.843916,15.589813,0.000000,0.000000
1.270000,-1.397545,-0.133896,1.325080,-2.753115,-0.712916,15.569869,0.000000,0.000000
1.275000,-1.398223,-0.137142,1.311509,-2.675309,-0.586071,15.553026,0.000000,0.000000
1.280000,-1.398915,-0.139764,1.298326,-2.597579,-0.463356,15.539011,0.000000,0.000000
1.285000,-1.399619,-0.141782,1.285533,-2.519913,-0.344745,15.527564,0.000000,0.000000
1.290000,-1.400332,-0.143218,1.273127,-2.442299,-0.230213,15.518438,0.000000,0.000000
1.295000,-1.401051,-0.144091,1.261110,-2.364726,-0.119731,15.511400,0.000000,0.000000
1.300000,-1.401772,-0.144422,1.249480,-2.287183,-0.013273,15.506229,0.000000,0.000000
1.305000,-1.402494,-0.144231,1.238238,-2.209662,0.089193,15.502717,0.000000,0.000000
1.310000,-1.403214,-0.143537,1.227383,-2.132155,0.187695,15.500669,0.000000,0.000000
1.315000,-1.403929,-0.142360,1.216916,-2.054654,0.282264,15.499902,0.000000,0.000000
1.320000,-1.404636,-0.140721,1.206837,-1.977154,0.372933,15.500247,0.000000,0.000000
1.325000,-1.405335,-0.138637,1.197145,-1.899650,0.459732,15.501545,0.000000,0.000000
1.330000,-1.406022,-0.136130,1.187840,-1.822137,0.542695,15.503649,0.000000,0.000000
1.335000,-1.406696,-0.133217,1.178923,-1.744611,0.621854,15.506425,0.000000,0.000000
1.340000,-1.407354,-0.129918,1.170394,-1.667071,0.697243,15.509748,0.000000,0.000000
1.345000,-1.407994,-0.126251,1.162253,-1.589512,0.768897,15.513505,0.000000,0.000000
1.350000,-1.408616,-0.122235,1.154499,-1.511935,0.836849,15.517591,0.000000,0.000000
1.355000,-1.409216,-0.117888,1.147133,-1.434336,0.901133,15.521913,0.000000,0.000000
1.360000,-1.409794,-0.113230,1.140156,-1.356716,0.961783,15.526386,0.000000,0.000000
1.365000,-1.410348,-0.108276,1.133566,-1.279073,1.018833,15.530934,0.000000,0.000000
1.370000,-1.410876,-0.103047,1.127365,-1.201407,1.072317,15.535488,0.000000,0.000000
1.375000,-1.411378,-0.097559,1.121552,-1.123719,1.122266,15.539987,0.000000,0.000000
1.380000,-1.411851,-0.091830,1.116128,-1.046008,1.168712,15.544378,0.000000,0.000000
1.385000,-1.412296,-0.085878,1.111092,-0.968275,1.211686,15.548613,0.000000,0.000000
1.390000,-1.412710,-0.079719,1.106445,-0.890522,1.251217,15.552651,0.000000,0.000000
1.395000,-1.413093,-0.073371,1.102187,-0.812749,1.287332,15.556455,0.000000,0.000000
1.400000,-1.413443,-0.066852,1.098318,-0.734957,1.320058,15.559996,0.000000,0.000000
1.405000,-1.413761,-0.060177,1.094837,-0.657149,1.349418,15.563245,0.000000,0.000000
1.410000,-1.414045,-0.053363,1.091746,-0.579325,1.375436,15.566180,0.000000,0.000000
1.415000,-1.414294,-0.046428,1.089044,-0.501488,1.398132,15.568783,0.000000,0.000000
1.420000,-1.414509,-0.039387,1.086731,-0.423638,1.417523,15.571037,0.000000,0.000000
1.425000,-1.414688,-0.032258,1.084808,-0.345778,1.433625,15.572929,0.000000,0.000000
1.430000,-1.414831,-0.025056,1.083274,-0.267910,1.446452,15.574450,0.000000,0.000000
1.435000,-1.414939,-0.017799,1.082129,-0.190034,1.456014,15.575592,0.000000,0.000000
1.440000,-1.415009,-0.010501,1.081373,-0.112154,1.462320,15.576348,0.000000,0.000000
1.445000,-1.415043,-0.003181,1.081007,-0.034272,1.465374,15.576715,0.000000,0.000000
1.450000,-1.415041,0.004147,1.081031,0.043612,1.465179,15.576692,0.000000,0.000000
1.455000,-1.415002,0.011465,1.081443,0.121495,1.461735,15.576278,0.000000,0.000000
1.460000,-1.414926,0.018759,1.082246,0.199374,1.455040,15.575475,0.000000,0.000000
1.465000,-1.414815,0.026010,1.083437,0.277249,1.445086,15.574288,0.000000,0.000000
1.470000,-1.414666,0.033204,1.085018,0.355117,1.431867,15.572722,0.000000,0.000000
1.475000,-1.414483,0.040324,1.086988,0.432976,1.415371,15.570785,0.000000,0.000000
1.480000,-1.414263,0.047352,1.089348,0.510824,1.395584,15.568489,0.000000,0.000000
1.485000,-1.414009,0.054274,1.092096,0.588660,1.372491,15.565845,0.000000,0.000000
1.490000,-1.413721,0.061072,1.095234,0.666482,1.346074,15.562871,0.000000,0.000000
1.495000,-1.413399,0.067729,1.098761,0.744288,1.316311,15.559586,0.000000,0.000000
1.500000,-1.413044,0.074229,1.102677,0.822077,1.283180,15.556013,0.000000,0.000000
1.505000,-1.412657,0.080555,1.106982,0.899848,1.246657,15.552178,0.000000,0.000000
1.510000,-1.412239,0.086690,1.111676,0.977599,1.206715,15.548115,0.000000,0.000000
1.515000,-1.411790,0.092617,1.116758,1.055329,1.163326,15.543858,0.000000,0.000000
1.520000,-1.411313,0.098318,1.122229,1.133037,1.116461,15.539452,0.000000,0.000000
1.525000,-1.410807,0.103775,1.128088,1.210723,1.066090,15.534943,0.000000,0.000000
1.530000,-1.410275,0.108973,1.134336,1.288386,1.012180,15.530386,0.000000,0.000000
1.535000,-1.409718,0.113891,1.140972,1.366027,0.954700,15.525844,0.000000,0.000000
1.540000,-1.409137,0.118514,1.147996,1.443644,0.893615,15.521385,0.000000,0.000000
1.545000,-1.408534,0.122821,1.155408,1.521240,0.828893,15.517086,0.000000,0.000000
1.550000,-1.407909,0.126796,1.163209,1.598816,0.760499,15.513035,0.000000,0.000000
1.555000,-1.407266,0.130420,1.171397,1.676372,0.688399,15.509324,0.000000,0.000000
1.560000,-1.406606,0.133674,1.179972,1.753910,0.612560,15.506061,0.000000,0.000000
1.565000,-1.405930,0.136540,1.188936,1.831434,0.532946,15.503359,0.000000,0.000000
1.570000,-1.405241,0.138997,1.198287,1.908946,0.449524,15.501344,0.000000,0.000000
1.575000,-1.404541,0.141028,1.208025,1.986451,0.362262,15.500152,0.000000,0.000000
1.580000,-1.403832,0.142614,1.218151,2.063951,0.271128,15.499932,0.000000,0.000000
1.585000,-1.403115,0.143733,1.228665,2.141452,0.176088,15.500843,0.000000,0.000000
1.590000,-1.402395,0.144368,1.239566,2.218960,0.077113,15.503056,0.000000,0.000000
1.595000,-1.401673,0.144498,1.250854,2.296483,-0.025830,15.506757,0.000000,0.000000
1.600000,-1.400951,0.144103,1.262530,2.374028,-0.132769,15.512141,0.000000,0.000000
1.605000,-1.400232,0.143163,1.274594,2.451605,-0.243734,15.519418,0.000000,0.000000
1.610000,-1.399520,0.141659,1.287046,2.529225,-0.358754,15.528809,0.000000,0.000000
1.615000,-1.398817,0.139569,1.299887,2.606897,-0.477855,15.540551,0.000000,0.000000
1.620000,-1.398126,0.136873,1.313116,2.684635,-0.601065,15.554892,0.000000,0.000000
1.625000,-1.397449,0.133551,1.326733,2.762452,-0.728407,15.572092,0.000000,0.000000
1.630000,-1.396791,0.129582,1.340740,2.840363,-0.859907,15.592427,0.000000,0.000000
1.635000,-1.396155,0.124945,1.355137,2.918383,-0.995588,15.616183,0.000000,0.000000
1.640000,-1.395543,0.119619,1.369925,2.996531,-1.135475,15.643660,0.000000,0.000000
1.645000,-1.394960,0.113584,1.385103,3.074826,-1.279588,15.675171,0.000000,0.000000
1.650000,-1.394408,0.106816,1.400673,3.153290,-1.427951,15.711040,0.000000,0.000000
1.655000,-1.393893,0.099297,1.416636,3.231944,-1.580584,15.751603,0.000000,0.000000
1.660000,-1.393417,0.091003,1.432993,3.310814,-1.737509,15.797207,0.000000,0.000000
1.665000,-1.392984,0.081915,1.449744,3.389925,-1.898745,15.848211,0.000000,0.000000
1.670000,-1.392599,0.072009,1.466892,3.469305,-2.064310,15.904982,0.000000,0.000000
1.675000,-1.392265,0.061264,1.484438,3.548985,-2.234223,15.967898,0.000000,0.000000
1.680000,-1.391988,0.049659,1.502383,3.628996,-2.408498,16.037344,0.000000,0.000000
1.685000,-1.391770,0.037172,1.520729,3.709370,-2.587149,16.113714,0.000000,0.000000
1.690000,-1.391617,0.023781,1.539477,3.790145,-2.770190,16.197406,0.000000,0.000000
1.695000,-1.391534,0.009463,1.558631,3.871357,-2.957628,16.288823,0.000000,0.000000
1.700000,-1.391524,-0.005803,1.578192,3.953047,-3.149469,16.388371,0.000000,0.000000
1.705000,-1.391593,-0.022039,1.598162,4.035255,-3.345714,16.496456,0.000000,0.000000
1.710000,-1.391746,-0.039268,1.618545,4.118026,-3.546357,16.613481,0.000000,0.000000
1.715000,-1.391988,-0.057510,1.639343,4.201406,-3.751385,16.739845,0.000000,0.000000
1.720000,-1.392323,-0.076789,1.660560,4.285441,-3.960776,16.875936,0.000000,0.000000
1.725000,-1.392757,-0.097125,1.682199,4.370181,-4.174498,17.022130,0.000000,0.000000
1.730000,-1.393296,-0.118540,1.704263,4.455679,-4.392502,17.178783,0.000000,0.000000
1.735000,-1.393945,-0.141057,1.726757,4.541987,-4.614727,17.346227,0.000000,0.000000
1.740000,-1.394709,-0.164695,1.749685,4.629160,-4.841088,17.524760,0.000000,0.000000
1.745000,-1.395594,-0.189475,1.773050,4.717254,-5.071476,17.714639,0.000000,0.000000
1.750000,-1.396605,-0.215417,1.796859,4.806327,-5.305751,17.916068,0.000000,0.000000
1.755000,-1.397750,-0.242539,1.821115,4.896435,-5.543738,18.129187,0.000000,0.000000
1.760000,-1.399033,-0.270860,1.845825,4.987637,-5.785220,18.354055,0.000000,0.000000
1.765000,-1.400460,-0.300395,1.870994,5.079993,-6.029927,18.590634,0.000000,0.000000
1.770000,-1.402039,-0.331161,1.896627,5.173558,-6.277527,18.838764,0.000000,0.000000
1.775000,-1.403774,-0.363172,1.922731,5.268393,-6.527630,19.098151,0.000000,0.000000
1.780000,-1.405672,-0.396441,1.949313,5.364557,-6.779755,19.368326,0.000000,0.000000
1.785000,-1.407741,-0.430975,1.976379,5.462100,-7.033317,19.648611,0.000000,0.000000
1.790000,-1.409984,-0.466780,2.003937,5.561069,-7.287611,19.938079,0.000000,0.000000
1.795000,-1.412411,-0.503855,2.031992,5.661502,-7.541795,20.235510,0.000000,0.000000
1.800000,-1.415025,-0.542196,2.060554,5.763436,-7.794872,20.539344,0.000000,0.000000
1.805000,-1.417835,-0.581797,2.089629,5.866897,-8.045668,20.847617,0.000000,0.000000
1.810000,-1.420845,-0.622643,2.119226,5.971907,-8.292803,21.157902,0.000000,0.000000
1.815000,-1.424063,-0.664708,2.149350,6.078454,-8.534618,21.467185,0.000000,0.000000
1.820000,-1.427494,-0.707966,2.180012,6.186542,-8.769244,21.771880,0.000000,0.000000
1.825000,-1.431144,-0.752381,2.211218,6.296148,-8.994489,22.067664,0.000000,0.000000
1.830000,-1.435020,-0.797900,2.242977,6.407215,-9.207780,22.349359,0.000000,0.000000
1.835000,-1.439126,-0.844451,2.275294,6.519648,-9.406135,22.610827,0.000000,0.000000
1.840000,-1.443467,-0.891946,2.308176,6.633317,-9.586134,22.844879,0.000000,0.000000
1.845000,-1.448047,-0.940282,2.341629,6.748056,-9.743898,23.043180,0.000000,0.000000
1.850000,-1.452870,-0.989336,2.375658,6.863661,-9.875072,23.196178,0.000000,0.000000
1.855000,-1.457940,-1.038969,2.410266,6.979896,-9.974817,23.293051,0.000000,0.000000
1.860000,-1.463260,-1.089016,2.445456,7.096461,-10.037775,23.321632,0.000000,0.000000
1.865000,-1.468831,-1.139275,2.481230,7.212971,-10.058033,23.268363,0.000000,0.000000
1.870000,-1.474653,-1.189516,2.517585,7.328982,-10.029260,23.118476,0.000000,0.000000
1.875000,-1.480726,-1.239475,2.554519,7.443970,-9.944766,22.856152,0.000000,0.000000
1.880000,-1.487047,-1.288858,2.592024,7.557331,-9.797652,22.464836,0.000000,0.000000
1.885000,-1.493613,-1.337334,2.630089,7.668376,-9.581011,21.927698,0.000000,0.000000
1.890000,-1.500418,-1.384540,2.668702,7.776337,-9.288194,21.228240,0.000000,0.000000
1.895000,-1.507455,-1.430080,2.707845,7.880364,-8.913118,20.351050,0.000000,0.000000
1.900000,-1.514715,-1.473533,2.747497,7.979546,-8.450691,19.282792,0.000000,0.000000
1.905000,-1.522187,-1.514448,2.787631,8.072886,-7.897220,18.013262,0.000000,0.000000
1.910000,-1.529855,-1.552351,2.828214,8.159333,-7.250887,16.536536,0.000000,0.000000
1.915000,-1.537704,-1.586785,2.869211,8.237864,-6.512295,14.852256,0.000000,0.000000
1.920000,-1.545716,-1.617310,2.910578,8.307483,-5.684794,12.966543,0.000000,0.000000
1.925000,-1.553870,-1.643498,2.952269,8.367221,-4.774723,10.892662,0.000000,0.000000
1.930000,-1.562143,-1.664945,2.994232,8.416155,-3.791528,8.651358,0.000000,0.000000
1.935000,-1.570511,-1.681320,3.036412,8.453521,-2.747745,6.270802,0.000000,0.000000
1.940000,-1.578948,-1.692351,3.078747,8.478698,-1.658635,3.785779,0.000000,0.000000
1.945000,-1.587425,-1.697856,3.121177,8.491264,-0.541573,1.236210,0.000000,0.000000
1.950000,-1.595916,-1.697747,3.163637,8.491013,0.584725,-1.334709,0.000000,0.000000
1.955000,-1.604393,-1.692024,3.206066,8.477951,1.701082,-3.882649,0.000000,0.000000
1.960000,-1.612828,-1.680783,3.248397,8.452295,2.788772,-6.364397,0.000000,0.000000
1.965000,-1.621192,-1.664208,3.290569,8.414470,3.830479,-8.740178,0.000000,0.000000
1.970000,-1.629461,-1.642578,3.332522,8.365121,4.811081,-10.975527,0.000000,0.000000
1.975000,-1.637610,-1.616228,3.374202,8.305016,5.718166,-13.042565,0.000000,0.000000
1.980000,-1.645616,-1.585542,3.415556,8.235029,6.542351,-14.920744,0.000000,0.000000
1.985000,-1.653459,-1.550951,3.456537,8.156139,7.277401,-16.597059,0.000000,0.000000
1.990000,-1.661120,-1.512916,3.497104,8.069389,7.920129,-18.065729,0.000000,0.000000
1.995000,-1.668583,-1.471901,3.537220,7.975819,8.470070,-19.327410,0.000000,0.000000
2.000000,-1.675835,-1.428368,3.576853,7.876454,8.929101,-20.388176,0.000000,0.000000
2.005000,-1.682864,-1.382760,3.615976,7.772266,9.300941,-21.258321,0.000000,0.000000
2.010000,-1.689660,-1.335497,3.654569,7.664169,9.590718,-21.951257,0.000000,0.000000
2.015000,-1.696216,-1.286978,3.692613,7.553019,9.804556,-22.482472,0.000000,0.000000
2.020000,-1.702528,-1.237566,3.730095,7.439586,9.949132,-22.868512,0.000000,0.000000
2.025000,-1.708591,-1.187590,3.767006,7.324548,10.031356,-23.126209,0.000000,0.000000
2.030000,-1.714404,-1.137344,3.803339,7.208507,10.058121,-23.272096,0.000000,0.000000
2.035000,-1.719965,-1.087090,3.839091,7.091985,10.036107,-23.321955,0.000000,0.000000
2.040000,-1.725275,-1.037054,3.874259,6.975424,9.971630,-23.290509,0.000000,0.000000
2.045000,-1.730336,-0.987436,3.908845,6.859198,9.870558,-23.191236,0.000000,0.000000
2.050000,-1.735150,-0.938403,3.942852,6.743611,9.738254,-23.036281,0.000000,0.000000
2.055000,-1.739721,-0.890097,3.976283,6.628909,9.579557,-22.836439,0.000000,0.000000
2.060000,-1.744053,-0.842641,4.009143,6.515297,9.398812,-22.601219,0.000000,0.000000
2.065000,-1.748149,-0.796137,4.041438,6.402935,9.199871,-22.338899,0.000000,0.000000
2.070000,-1.752016,-0.750667,4.073175,6.291942,8.986112,-22.056601,0.000000,0.000000
2.075000,-1.755658,-0.706298,4.104360,6.182398,8.760472,-21.760392,0.000000,0.000000
2.080000,-1.759081,-0.663082,4.135001,6.074361,8.525514,-21.455427,0.000000,0.000000
2.085000,-1.762290,-0.621058,4.165106,5.967859,8.283430,-21.146012,0.000000,0.000000
2.090000,-1.765293,-0.580256,4.194682,5.862903,8.036111,-20.835737,0.000000,0.000000
2.095000,-1.768095,-0.540699,4.223738,5.759490,7.785180,-20.527573,0.000000,0.000000
2.100000,-1.770702,-0.502403,4.252280,5.657608,7.532025,-20.223941,0.000000,0.000000
2.105000,-1.773121,-0.465378,4.280316,5.557233,7.277824,-19.926793,0.000000,0.000000
2.110000,-1.775358,-0.429626,4.307854,5.458328,7.023561,-19.637671,0.000000,0.000000
2.115000,-1.777420,-0.395143,4.334902,5.360847,6.770058,-19.357770,0.000000,0.000000
2.120000,-1.779312,-0.361925,4.361465,5.264739,6.518009,-19.088002,0.000000,0.000000
2.125000,-1.781041,-0.329963,4.387551,5.169955,6.267996,-18.829040,0.000000,0.000000
2.130000,-1.782613,-0.299244,4.413167,5.076435,6.020495,-18.581344,0.000000,0.000000
2.135000,-1.784035,-0.269754,4.438318,4.984123,5.775902,-18.345210,0.000000,0.000000
2.140000,-1.785313,-0.241478,4.463010,4.892960,5.534543,-18.120789,0.000000,0.000000
2.145000,-1.786452,-0.214399,4.487249,4.802889,5.296687,-17.908118,0.000000,0.000000
2.150000,-1.787459,-0.188501,4.511041,4.713853,5.062554,-17.707133,0.000000,0.000000
2.155000,-1.788339,-0.163765,4.534389,4.625794,4.832317,-17.517694,0.000000,0.000000
2.160000,-1.789099,-0.140171,4.557300,4.538656,4.606115,-17.339593,0.000000,0.000000
2.165000,-1.789743,-0.117698,4.579777,4.452382,4.384054,-17.172570,0.000000,0.000000
2.170000,-1.790277,-0.096325,4.601825,4.366916,4.166215,-17.016325,0.000000,0.000000
2.175000,-1.790708,-0.076030,4.623448,4.282203,3.952659,-16.870526,0.000000,0.000000
2.180000,-1.791039,-0.056792,4.644648,4.198194,3.743434,-16.734815,0.000000,0.000000
2.185000,-1.791277,-0.038588,4.665431,4.114839,3.538574,-16.608817,0.000000,0.000000
2.190000,-1.791427,-0.021399,4.685798,4.032091,3.338100,-16.492142,0.000000,0.000000
2.195000,-1.791493,-0.005200,4.705753,3.949903,3.142024,-16.384393,0.000000,0.000000
2.200000,-1.791481,0.010029,4.725298,3.868232,2.950352,-16.285164,0.000000,0.000000
2.205000,-1.791394,0.024311,4.744436,3.787038,2.763083,-16.194051,0.000000,0.000000
2.210000,-1.791239,0.037668,4.763169,3.706279,2.580211,-16.110648,0.000000,0.000000
2.215000,-1.791019,0.050121,4.781499,3.625919,2.401727,-16.034551,0.000000,0.000000
2.220000,-1.790739,0.061692,4.799429,3.545922,2.227620,-15.965362,0.000000,0.000000
2.225000,-1.790404,0.072404,4.816959,3.466255,2.057875,-15.902689,0.000000,0.000000
2.230000,-1.790017,0.082278,4.834092,3.386885,1.892476,-15.846146,0.000000,0.000000
2.235000,-1.789582,0.091336,4.850828,3.307783,1.731406,-15.795357,0.000000,0.000000
2.240000,-1.789105,0.099599,4.867170,3.228922,1.574646,-15.749953,0.000000,0.000000
2.245000,-1.788588,0.107089,4.883118,3.150276,1.422177,-15.709576,0.000000,0.000000
2.250000,-1.788035,0.113828,4.898673,3.071819,1.273977,-15.673881,0.000000,0.000000
2.255000,-1.787451,0.119836,4.913836,2.993530,1.130026,-15.642530,0.000000,0.000000
2.260000,-1.786838,0.125135,4.928608,2.915387,0.990302,-15.615201,0.000000,0.000000
2.265000,-1.786200,0.129746,4.942990,2.837371,0.854782,-15.591582,0.000000,0.000000
2.270000,-1.785541,0.133690,4.956982,2.759465,0.723443,-15.571373,0.000000,0.000000
2.275000,-1.784864,0.136988,4.970585,2.681652,0.596259,-15.554287,0.000000,0.000000
2.280000,-1.784173,0.139660,4.983799,2.603916,0.473208,-15.540051,0.000000,0.000000
2.285000,-1.783469,0.141727,4.996625,2.526246,0.354264,-15.528404,0.000000,0.000000
2.290000,-1.782756,0.143209,5.009062,2.448628,0.239400,-15.519098,0.000000,0.000000
2.295000,-1.782038,0.144127,5.021111,2.371052,0.128590,-15.511898,0.000000,0.000000
2.300000,-1.781316,0.144502,5.032772,2.293507,0.021804,-15.506583,0.000000,0.000000
2.305000,-1.780594,0.144352,5.044046,2.215985,-0.080986,-15.502943,0.000000,0.000000
2.310000,-1.779873,0.143699,5.054932,2.138477,-0.179810,-15.500782,0.000000,0.000000
2.315000,-1.779157,0.142561,5.065431,2.060976,-0.274700,-15.499918,0.000000,0.000000
2.320000,-1.778448,0.140958,5.075542,1.983475,-0.365685,-15.500178,0.000000,0.000000
2.325000,-1.777749,0.138910,5.085265,1.905971,-0.452799,-15.501404,0.000000,0.000000
2.330000,-1.777060,0.136436,5.094602,1.828459,-0.536073,-15.503448,0.000000,0.000000
2.335000,-1.776385,0.133556,5.103550,1.750935,-0.615542,-15.506174,0.000000,0.000000
2.340000,-1.775725,0.130287,5.112111,1.673396,-0.691237,-15.509456,0.000000,0.000000
2.345000,-1.775083,0.126650,5.120284,1.595839,-0.763194,-15.513182,0.000000,0.000000
2.350000,-1.774459,0.122662,5.128069,1.518263,-0.831446,-15.517245,0.000000,0.000000
2.355000,-1.773857,0.118341,5.135467,1.440666,-0.896028,-15.521551,0.000000,0.000000
2.360000,-1.773276,0.113707,5.142476,1.363048,-0.956973,-15.526014,0.000000,0.000000
2.365000,-1.772720,0.108778,5.149097,1.285407,-1.014316,-15.530559,0.000000,0.000000
2.370000,-1.772189,0.103570,5.155330,1.207743,-1.068089,-15.535114,0.000000,0.000000
2.375000,-1.771685,0.098102,5.161174,1.130057,-1.118326,-15.539620,0.000000,0.000000
2.380000,-1.771208,0.092393,5.166630,1.052348,-1.165056,-15.544022,0.000000,0.000000
2.385000,-1.770761,0.086458,5.171698,0.974616,-1.208313,-15.548271,0.000000,0.000000
2.390000,-1.770344,0.080315,5.176377,0.896865,-1.248123,-15.552327,0.000000,0.000000
2.395000,-1.769958,0.073982,5.180666,0.819093,-1.284516,-15.556152,0.000000,0.000000
2.400000,-1.769605,0.067476,5.184567,0.741303,-1.317517,-15.559714,0.000000,0.000000
2.405000,-1.769284,0.060813,5.188079,0.663496,-1.347151,-15.562988,0.000000,0.000000
2.410000,-1.768997,0.054010,5.191202,0.585674,-1.373441,-15.565950,0.000000,0.000000
2.415000,-1.768744,0.047084,5.193936,0.507837,-1.396406,-15.568580,0.000000,0.000000
2.420000,-1.768526,0.040051,5.196281,0.429989,-1.416066,-15.570863,0.000000,0.000000
2.425000,-1.768344,0.032929,5.198236,0.352130,-1.432437,-15.572786,0.000000,0.000000
2.430000,-1.768197,0.025732,5.199802,0.274262,-1.445530,-15.574337,0.000000,0.000000
2.435000,-1.768086,0.018479,5.200979,0.196387,-1.455359,-15.575510,0.000000,0.000000
2.440000,-1.768012,0.011184,5.201766,0.118507,-1.461930,-15.576298,0.000000,0.000000
2.445000,-1.767975,0.003865,5.202164,0.040625,-1.465249,-15.576697,0.000000,0.000000
2.450000,-1.767974,-0.003463,5.202172,-0.037259,-1.465319,-15.576705,0.000000,0.000000
2.455000,-1.768009,-0.010783,5.201791,-0.115142,-1.462140,-15.576323,0.000000,0.000000
2.460000,-1.768081,-0.018079,5.201021,-0.193022,-1.455710,-15.575552,0.000000,0.000000
2.465000,-1.768190,-0.025334,5.199861,-0.270897,-1.446022,-15.574396,0.000000,0.000000
2.470000,-1.768335,-0.032534,5.198312,-0.348765,-1.433070,-15.572860,0.000000,0.000000
2.475000,-1.768515,-0.039660,5.196373,-0.426625,-1.416842,-15.570954,0.000000,0.000000
2.480000,-1.768731,-0.046697,5.194045,-0.504474,-1.397324,-15.568686,0.000000,0.000000
2.485000,-1.768982,-0.053628,5.191329,-0.582311,-1.374502,-15.566070,0.000000,0.000000
2.490000,-1.769267,-0.060436,5.188222,-0.660134,-1.348356,-15.563123,0.000000,0.000000
2.495000,-1.769586,-0.067106,5.184727,-0.737942,-1.318867,-15.559862,0.000000,0.000000
2.500000,-1.769938,-0.073619,5.180843,-0.815732,-1.286012,-15.556311,0.000000,0.000000
2.505000,-1.770322,-0.079960,5.176570,-0.893504,-1.249766,-15.552497,0.000000,0.000000
2.510000,-1.770737,-0.086111,5.171908,-0.971257,-1.210104,-15.548451,0.000000,0.000000
2.515000,-1.771183,-0.092055,5.166857,-1.048989,-1.166997,-15.544209,0.000000,0.000000
2.520000,-1.771657,-0.097775,5.161418,-1.126699,-1.120417,-15.539813,0.000000,0.000000
2.525000,-1.772160,-0.103254,5.155590,-1.204387,-1.070333,-15.535310,0.000000,0.000000
2.530000,-1.772689,-0.108473,5.149374,-1.282052,-1.016713,-15.530756,0.000000,0.000000
2.535000,-1.773244,-0.113415,5.142770,-1.359694,-0.959525,-15.526210,0.000000,0.000000
2.540000,-1.773823,-0.118062,5.135777,-1.437314,-0.898736,-15.521741,0.000000,0.000000
2.545000,-1.774424,-0.122396,5.128397,-1.514911,-0.834312,-15.517426,0.000000,0.000000
2.550000,-1.775047,-0.126399,5.120628,-1.592488,-0.766219,-15.513351,0.000000,0.000000
2.555000,-1.775688,-0.130052,5.112472,-1.670046,-0.694423,-15.509609,0.000000,0.000000
2.560000,-1.776346,-0.133337,5.103928,-1.747586,-0.618890,-15.506305,0.000000,0.000000
2.565000,-1.777021,-0.136235,5.094996,-1.825111,-0.539585,-15.503552,0.000000,0.000000
2.570000,-1.777708,-0.138727,5.085677,-1.902624,-0.456475,-15.501476,0.000000,0.000000
2.575000,-1.778407,-0.140793,5.075970,-1.980128,-0.369528,-15.500212,0.000000,0.000000
2.580000,-1.779115,-0.142415,5.065875,-2.057628,-0.278711,-15.499907,0.000000,0.000000
2.585000,-1.779830,-0.143574,5.055394,-2.135129,-0.183991,-15.500719,0.000000,0.000000
2.590000,-1.780550,-0.144249,5.044524,-2.212636,-0.085338,-15.502820,0.000000,0.000000
2.595000,-1.781272,-0.144420,5.033267,-2.290157,0.017280,-15.506392,0.000000,0.000000
2.600000,-1.781994,-0.144069,5.021623,-2.367701,0.123892,-15.511631,0.000000,0.000000
2.605000,-1.782712,-0.143175,5.009590,-2.445275,0.234528,-15.518745,0.000000,0.000000
2.610000,-1.783424,-0.141717,4.997170,-2.522891,0.349216,-15.527955,0.000000,0.000000
2.615000,-1.784128,-0.139676,4.984361,-2.600559,0.467984,-15.539496,0.000000,0.000000
2.620000,-1.784820,-0.137031,4.971164,-2.678291,0.590857,-15.553615,0.000000,0.000000
2.625000,-1.785497,-0.133760,4.957578,-2.756101,0.717861,-15.570572,0.000000,0.000000
2.630000,-1.786157,-0.129845,4.943603,-2.834003,0.849021,-15.590641,0.000000,0.000000
2.635000,-1.786795,-0.125263,4.929238,-2.912014,0.984360,-15.614107,0.000000,0.000000
2.640000,-1.787408,-0.119994,4.914483,-2.990151,1.123902,-15.641269,0.000000,0.000000
2.645000,-1.787993,-0.114017,4.899336,-3.068433,1.267670,-15.672439,0.000000,0.000000
2.650000,-1.788547,-0.107311,4.883798,-3.146882,1.415685,-15.707940,0.000000,0.000000
2.655000,-1.789065,-0.099853,4.867867,-3.225520,1.567969,-15.748106,0.000000,0.000000
2.660000,-1.789544,-0.091624,4.851543,-3.304371,1.724543,-15.793286,0.000000,0.000000
2.665000,-1.789980,-0.082601,4.834823,-3.383461,1.885427,-15.843835,0.000000,0.000000
2.670000,-1.790369,-0.072762,4.817707,-3.462819,2.050638,-15.900122,0.000000,0.000000
2.675000,-1.790706,-0.062087,4.800194,-3.542473,2.220195,-15.962522,0.000000,0.000000
2.680000,-1.790988,-0.050553,4.782282,-3.622455,2.394114,-16.031421,0.000000,0.000000
2.685000,-1.791211,-0.038139,4.763969,-3.702799,2.572408,-16.107211,0.000000,0.000000
2.690000,-1.791368,-0.024822,4.745253,-3.783539,2.755090,-16.190291,0.000000,0.000000
2.695000,-1.791457,-0.010580,4.726133,-3.864715,2.942169,-16.281062,0.000000,0.000000
2.700000,-1.791473,0.004607,4.706606,-3.946364,3.133651,-16.379932,0.000000,0.000000
2.705000,-1.791410,0.020764,4.686669,-4.028528,3.329537,-16.487305,0.000000,0.000000
2.710000,-1.791263,0.037910,4.666319,-4.111251,3.529821,-16.603586,0.000000,0.000000
2.715000,-1.791029,0.056069,4.645555,-4.194579,3.734492,-16.729173,0.000000,0.000000
2.720000,-1.790701,0.075262,4.624372,-4.278559,3.943529,-16.864456,0.000000,0.000000
2.725000,-1.790274,0.095511,4.602768,-4.363240,4.156898,-17.009812,0.000000,0.000000
2.730000,-1.789744,0.116838,4.580739,-4.448674,4.374556,-17.165599,0.000000,0.000000
2.735000,-1.789104,0.139264,4.558280,-4.534914,4.596439,-17.332151,0.000000,0.000000
2.740000,-1.788349,0.162810,4.535388,-4.622015,4.822467,-17.509768,0.000000,0.000000
2.745000,-1.787474,0.187496,4.512058,-4.710032,5.052531,-17.698713,0.000000,0.000000
2.750000,-1.786473,0.213342,4.488286,-4.799022,5.286494,-17.899194,0.000000,0.000000
2.755000,-1.785339,0.240367,4.464067,-4.889043,5.524185,-18.111355,0.000000,0.000000
2.760000,-1.784067,0.268589,4.439394,-4.980154,5.765391,-18.335265,0.000000,0.000000
2.765000,-1.782651,0.298025,4.414263,-5.072412,6.009844,-18.570891,0.000000,0.000000
2.770000,-1.781085,0.328690,4.388668,-5.165877,6.257224,-18.818089,0.000000,0.000000
2.775000,-1.779362,0.360600,4.362602,-5.260609,6.507144,-19.076575,0.000000,0.000000
2.780000,-1.777476,0.393766,4.336060,-5.356664,6.759129,-19.345895,0.000000,0.000000
2.785000,-1.775422,0.428197,4.309033,-5.454093,7.012599,-19.625387,0.000000,0.000000
2.790000,-1.773192,0.463898,4.281516,-5.552942,7.266859,-19.914145,0.000000,0.000000
2.795000,-1.770781,0.500868,4.253501,-5.653252,7.521081,-20.210976,0.000000,0.000000
2.800000,-1.768182,0.539105,4.224981,-5.755059,7.774286,-20.514351,0.000000,0.000000
2.805000,-1.765388,0.578604,4.195948,-5.858397,8.025319,-20.822349,0.000000,0.000000
2.810000,-1.762394,0.619347,4.166395,-5.963273,8.272795,-21.132560,0.000000,0.000000
2.815000,-1.759193,0.661313,4.136314,-6.069695,8.515112,-21.442051,0.000000,0.000000
2.820000,-1.755779,0.704479,4.105696,-6.177667,8.750425,-21.747293,0.000000,0.000000
2.825000,-1.752146,0.748805,4.074534,-6.287161,8.976549,-22.044009,0.000000,0.000000
2.830000,-1.748288,0.794238,4.042821,-6.398116,9.190931,-22.327081,0.000000,0.000000
2.835000,-1.744201,0.840706,4.010549,-6.510439,9.390619,-22.590448,0.000000,0.000000
2.840000,-1.739879,0.888125,3.977714,-6.624003,9.572233,-22.827010,0.000000,0.000000
2.845000,-1.735318,0.936392,3.944308,-6.738651,9.731945,-23.028543,0.000000,0.000000
2.850000,-1.730515,0.985391,3.910327,-6.854191,9.865456,-23.185617,0.000000,0.000000
2.855000,-1.725464,1.034986,3.875766,-6.970393,9.967980,-23.287531,0.000000,0.000000
2.860000,-1.720164,1.085007,3.840623,-7.086942,10.034149,-23.322170,0.000000,0.000000
2.865000,-1.714614,1.135256,3.804897,-7.203472,10.058122,-23.276115,0.000000,0.000000
2.870000,-1.708812,1.185508,3.768588,-7.319545,10.033600,-23.134695,0.000000,0.000000
2.875000,-1.702758,1.235502,3.731701,-7.434642,9.953914,-22.882164,0.000000,0.000000
2.880000,-1.696457,1.284944,3.694243,-7.548162,9.812175,-22.502010,0.000000,0.000000
2.885000,-1.689910,1.333508,3.656223,-7.659424,9.601467,-21.977407,0.000000,0.000000
2.890000,-1.683124,1.380833,3.617655,-7.767667,9.315105,-21.291798,0.000000,0.000000
2.895000,-1.676105,1.426524,3.578554,-7.872048,8.946945,-20.429639,0.000000,0.000000
2.900000,-1.668863,1.470166,3.538943,-7.971667,8.491813,-19.377416,0.000000,0.000000
2.905000,-1.661408,1.511302,3.498847,-8.065515,7.945856,-18.124579,0.000000,0.000000
2.910000,-1.653754,1.549465,3.458299,-8.152556,7.307103,-16.664838,0.000000,0.000000
2.915000,-1.645919,1.584200,3.417335,-8.231772,6.575955,-14.997363,0.000000,0.000000
2.920000,-1.637919,1.615063,3.375996,-8.302163,5.755523,-13.127705,0.000000,0.000000
2.925000,-1.629775,1.641622,3.334329,-8.362747,4.851880,-11.068506,0.000000,0.000000
2.930000,-1.621510,1.663470,3.292386,-8.412592,3.874217,-8.839893,0.000000,0.000000
2.935000,-1.613149,1.680269,3.250222,-8.450928,2.834840,-6.469481,0.000000,0.000000
2.940000,-1.604717,1.691742,3.207897,-8.477114,1.748805,-3.991553,0.000000,0.000000
2.945000,-1.596241,1.697702,3.165473,-8.490717,0.633334,-1.445662,0.000000,0.000000
2.950000,-1.587749,1.698052,3.123012,-8.491515,-0.492935,1.125188,0.000000,0.000000
2.955000,-1.579270,1.692787,3.080579,-8.479495,-1.610821,3.676663,0.000000,0.000000
2.960000,-1.570830,1.681989,3.038238,-8.454851,-2.701519,6.165354,0.000000,0.000000
2.965000,-1.562459,1.665840,2.996050,-8.417999,-3.747580,8.551156,0.000000,0.000000
2.970000,-1.554181,1.644613,2.954077,-8.369568,-4.733676,10.799108,0.000000,0.000000
2.975000,-1.546021,1.618634,2.912373,-8.310309,-5.647155,12.880754,0.000000,0.000000
2.980000,-1.538002,1.588285,2.870991,-8.241088,-6.478377,14.774928,0.000000,0.000000
2.985000,-1.530144,1.553995,2.829977,-8.162886,-7.220860,16.468025,0.000000,0.000000
2.990000,-1.522467,1.516223,2.789375,-8.076738,-7.871171,17.953693,0.000000,0.000000
2.995000,-1.514987,1.475435,2.749221,-7.983687,-8.428646,19.232108,0.000000,0.000000
3.000000,-1.507717,1.432091,2.709548,-7.884759,-8.894981,20.308937,0.000000,0.000000
3.005000,-1.500670,1.386636,2.670382,-7.780928,-9.273757,21.194165,0.000000,0.000000
3.010000,-1.493854,1.339492,2.631745,-7.673116,-9.570009,21.900998,0.000000,0.000000
3.015000,-1.487277,1.291061,2.593656,-7.562186,-9.789800,22.444800,0.000000,0.000000
3.020000,-1.480945,1.241710,2.556127,-7.448912,-9.939770,22.842054,0.000000,0.000000
3.025000,-1.474861,1.191768,2.519169,-7.333981,-10.026821,23.109596,0.000000,0.000000
3.030000,-1.469027,1.141534,2.482789,-7.218002,-10.057858,23.264003,0.000000,0.000000
3.035000,-1.463445,1.091272,2.446990,-7.101502,-10.039582,23.321132,0.000000,0.000000
3.040000,-1.458114,1.041211,2.411774,-6.984930,-9.978343,23.295797,0.000000,0.000000
3.045000,-1.453033,0.991552,2.377140,-6.868664,-9.880051,23.201587,0.000000,0.000000
3.050000,-1.448198,0.942465,2.343087,-6.753013,-9.750104,23.050749,0.000000,0.000000
3.055000,-1.443607,0.894094,2.309609,-6.638230,-9.593390,22.854193,0.000000,0.000000
3.060000,-1.439256,0.846565,2.276702,-6.524523,-9.414293,22.621534,0.000000,0.000000
3.065000,-1.435140,0.799980,2.244361,-6.412056,-9.216707,22.361147,0.000000,0.000000
3.070000,-1.431254,0.754424,2.212579,-6.300949,-9.004043,22.080239,0.000000,0.000000
3.075000,-1.427594,0.709962,2.181350,-6.191284,-8.779272,21.784960,0.000000,0.000000
3.080000,-1.424153,0.666651,2.150664,-6.083122,-8.544987,21.480536,0.000000,0.000000
3.085000,-1.420925,0.624528,2.120516,-5.976493,-8.303405,21.171336,0.000000,0.000000
3.090000,-1.417905,0.583624,2.090897,-5.871408,-8.056445,20.861010,0.000000,0.000000
3.095000,-1.415087,0.543965,2.061799,-5.767869,-7.805753,20.552575,0.000000,0.000000
3.100000,-1.412463,0.505566,2.033215,-5.665865,-7.552737,20.248497,0.000000,0.000000
3.105000,-1.410029,0.468438,2.005138,-5.565370,-7.298586,19.950760,0.000000,0.000000
3.110000,-1.407777,0.432582,1.977559,-5.466348,-7.044298,19.660935,0.000000,0.000000
3.115000,-1.405701,0.397996,1.950472,-5.368751,-6.790703,19.380242,0.000000,0.000000
3.120000,-1.403795,0.364676,1.923869,-5.272535,-6.538514,19.109620,0.000000,0.000000
3.125000,-1.402052,0.332611,1.897745,-5.177644,-6.288315,18.849756,0.000000,0.000000
3.130000,-1.400467,0.301791,1.872091,-5.084023,-6.040591,18.601126,0.000000,0.000000
3.135000,-1.399032,0.272200,1.846902,-4.991613,-5.795744,18.364039,0.000000,0.000000
3.140000,-1.397743,0.243825,1.822173,-4.900357,-5.554108,18.138659,0.000000,0.000000
3.145000,-1.396592,0.216649,1.797897,-4.810199,-5.315958,17.925030,0.000000,0.000000
3.150000,-1.395574,0.190656,1.774069,-4.721081,-5.081514,17.723096,0.000000,0.000000
3.155000,-1.394683,0.165826,1.750684,-4.632946,-4.850956,17.532722,0.000000,0.000000
3.160000,-1.393914,0.142140,1.727738,-4.545736,-4.624422,17.353706,0.000000,0.000000
3.165000,-1.393260,0.119577,1.705226,-4.459394,-4.402020,17.185790,0.000000,0.000000
3.170000,-1.392716,0.098115,1.683143,-4.373863,-4.183833,17.028677,0.000000,0.000000
3.175000,-1.392277,0.077732,1.661486,-4.289091,-3.969925,16.882038,0.000000,0.000000
3.180000,-1.391937,0.058408,1.640251,-4.205026,-3.760345,16.745518,0.000000,0.000000
3.185000,-1.391691,0.040122,1.619434,-4.121619,-3.555128,16.618742,0.000000,0.000000
3.190000,-1.391534,0.022850,1.599034,-4.038823,-3.354295,16.501321,0.000000,0.000000
3.195000,-1.391461,0.006571,1.579045,-3.956591,-3.157860,16.392858,0.000000,0.000000
3.200000,-1.391467,-0.008736,1.559467,-3.874880,-2.965829,16.292950,0.000000,0.000000
3.205000,-1.391547,-0.023095,1.540296,-3.793648,-2.778200,16.201189,0.000000,0.000000
3.210000,-1.391697,-0.036526,1.521530,-3.712855,-2.594969,16.117172,0.000000,0.000000
3.215000,-1.391911,-0.049052,1.503166,-3.632464,-2.416128,16.040493,0.000000,0.000000
3.220000,-1.392186,-0.060694,1.485204,-3.552439,-2.241664,15.970756,0.000000,0.000000
3.225000,-1.392516,-0.071476,1.467641,-3.472745,-2.071564,15.907566,0.000000,0.000000
3.230000,-1.392899,-0.081417,1.450476,-3.393352,-1.905811,15.850537,0.000000,0.000000
3.235000,-1.393329,-0.090541,1.433707,-3.314230,-1.744388,15.799292,0.000000,0.000000
3.240000,-1.393803,-0.098868,1.417334,-3.235351,-1.587277,15.753462,0.000000,0.000000
3.245000,-1.394317,-0.106421,1.401354,-3.156687,-1.434458,15.712688,0.000000,0.000000
3.250000,-1.394866,-0.113220,1.385766,-3.078216,-1.285911,15.676624,0.000000,0.000000
3.255000,-1.395448,-0.119287,1.370571,-2.999914,-1.141615,15.644931,0.000000,0.000000
3.260000,-1.396058,-0.124643,1.355767,-2.921760,-1.001546,15.617286,0.000000,0.000000
3.265000,-1.396693,-0.129310,1.341353,-2.843735,-0.865683,15.593375,0.000000,0.000000
3.270000,-1.397350,-0.133307,1.327330,-2.765820,-0.734004,15.572898,0.000000,0.000000
3.275000,-1.398025,-0.136656,1.313695,-2.688000,-0.606482,15.555568,0.000000,0.000000
3.280000,-1.398715,-0.139379,1.300449,-2.610259,-0.483095,15.541110,0.000000,0.000000
3.285000,-1.399418,-0.141494,1.287592,-2.532584,-0.363817,15.529261,0.000000,0.000000
3.290000,-1.400129,-0.143024,1.275123,-2.454962,-0.248621,15.519773,0.000000,0.000000
3.295000,-1.400847,-0.143987,1.263043,-2.377383,-0.137481,15.512409,0.000000,0.000000
3.300000,-1.401568,-0.144405,1.251350,-2.299836,-0.030368,15.506948,0.000000,0.000000
3.305000,-1.402290,-0.144298,1.240044,-2.222312,0.072747,15.503179,0.000000,0.000000
3.310000,-1.403010,-0.143684,1.229127,-2.144803,0.171895,15.500905,0.000000,0.000000
3.315000,-1.403726,-0.142585,1.218596,-2.067301,0.267104,15.499941,0.000000,0.000000
3.320000,-1.404435,-0.141020,1.208453,-1.989801,0.358407,15.500116,0.000000,0.000000
3.325000,-1.405136,-0.139008,1.198698,-1.912298,0.445836,15.501268,0.000000,0.000000
3.330000,-1.405825,-0.136568,1.189330,-1.834786,0.529422,15.503251,0.000000,0.000000
3.335000,-1.406501,-0.133720,1.180350,-1.757263,0.609200,15.505926,0.000000,0.000000
3.340000,-1.407161,-0.130482,1.171758,-1.679725,0.685202,15.509167,0.000000,0.000000
3.345000,-1.407805,-0.126874,1.163553,-1.602170,0.757462,15.512860,0.000000,0.000000
3.350000,-1.408429,-0.122914,1.155736,-1.524596,0.826016,15.516900,0.000000,0.000000
3.355000,-1.409033,-0.118620,1.148307,-1.447001,0.890896,15.521189,0.000000,0.000000
3.360000,-1.409615,-0.114011,1.141266,-1.369385,0.952136,15.525643,0.000000,0.000000
3.365000,-1.410173,-0.109105,1.134613,-1.291746,1.009772,15.530183,0.000000,0.000000
3.370000,-1.410706,-0.103919,1.128349,-1.214084,1.063835,15.534740,0.000000,0.000000
3.375000,-1.411212,-0.098472,1.122473,-1.136399,1.114359,15.539252,0.000000,0.000000
3.380000,-1.411690,-0.092781,1.116985,-1.058691,1.161375,15.543664,0.000000,0.000000
3.385000,-1.412139,-0.086864,1.111886,-0.980962,1.204914,15.547928,0.000000,0.000000
3.390000,-1.412558,-0.080738,1.107175,-0.903212,1.245004,15.552001,0.000000,0.000000
3.395000,-1.412946,-0.074420,1.102854,-0.825442,1.281675,15.555846,0.000000,0.000000
3.400000,-1.413302,-0.067927,1.098921,-0.747654,1.314952,15.559431,0.000000,0.000000
3.405000,-1.413625,-0.061276,1.095377,-0.669848,1.344860,15.562729,0.000000,0.000000
3.410000,-1.413915,-0.054484,1.092222,-0.592027,1.371422,15.565717,0.000000,0.000000
3.415000,-1.414170,-0.047567,1.089457,-0.514192,1.394658,15.568375,0.000000,0.000000
3.420000,-1.414390,-0.040543,1.087081,-0.436344,1.414587,15.570687,0.000000,0.000000
3.425000,-1.414575,-0.033427,1.085093,-0.358486,1.431225,15.572639,0.000000,0.000000
3.430000,-1.414724,-0.026236,1.083496,-0.280618,1.444586,15.574221,0.000000,0.000000
3.435000,-1.414837,-0.018986,1.082287,-0.202744,1.454681,15.575425,0.000000,0.000000
3.440000,-1.414914,-0.011694,1.081468,-0.124865,1.461517,15.576245,0.000000,0.000000
3.445000,-1.414954,-0.004377,1.081039,-0.046982,1.465102,15.576675,0.000000,0.000000
3.450000,-1.414958,0.002951,1.080998,0.030902,1.465437,15.576716,0.000000,0.000000
3.455000,-1.414925,0.010272,1.081348,0.108785,1.462524,15.576365,0.000000,0.000000
3.460000,-1.414855,0.017571,1.082086,0.186665,1.456359,15.575626,0.000000,0.000000
3.465000,-1.414749,0.024830,1.083214,0.264540,1.446938,15.574501,0.000000,0.000000
3.470000,-1.414607,0.032035,1.084732,0.342409,1.434252,15.572996,0.000000,0.000000
3.475000,-1.414429,0.039168,1.086638,0.420269,1.418292,15.571120,0.000000,0.000000
3.480000,-1.414215,0.046212,1.088934,0.498119,1.399043,15.568881,0.000000,0.000000
3.485000,-1.413967,0.053153,1.091620,0.575958,1.376491,15.566293,0.000000,0.000000
3.490000,-1.413684,0.059972,1.094694,0.653782,1.350617,15.563372,0.000000,0.000000
3.495000,-1.413367,0.066653,1.098157,0.731591,1.321402,15.560136,0.000000,0.000000
3.500000,-1.413018,0.073180,1.102010,0.809383,1.288823,15.556608,0.000000,0.000000
3.505000,-1.412636,0.079536,1.106251,0.887157,1.252855,15.552814,0.000000,0.000000
3.510000,-1.412223,0.085703,1.110881,0.964911,1.213473,15.548786,0.000000,0.000000
3.515000,-1.411779,0.091665,1.115900,1.042644,1.170648,15.544558,0.000000,0.000000
3.520000,-1.411306,0.097404,1.121308,1.120356,1.124353,15.540173,0.000000,0.000000
3.525000,-1.410806,0.102902,1.127104,1.198046,1.074556,15.535678,0.000000,0.000000
3.530000,-1.410278,0.108143,1.133288,1.275713,1.021226,15.531125,0.000000,0.000000
3.535000,-1.409725,0.113109,1.139861,1.353357,0.964331,15.526576,0.000000,0.000000
3.540000,-1.409147,0.117781,1.146822,1.430978,0.903837,15.522098,0.000000,0.000000
3.545000,-1.408547,0.122141,1.154171,1.508578,0.839711,15.517767,0.000000,0.000000
3.550000,-1.407926,0.126172,1.161907,1.586156,0.771918,15.513669,0.000000,0.000000
3.555000,-1.407286,0.129854,1.170032,1.663715,0.700426,15.509896,0.000000,0.000000
3.560000,-1.406628,0.133170,1.178545,1.741257,0.625199,15.506552,0.000000,0.000000
3.565000,-1.405955,0.136100,1.187445,1.818783,0.546203,15.503750,0.000000,0.000000
3.570000,-1.405268,0.138625,1.196732,1.896297,0.463405,15.501614,0.000000,0.000000
3.575000,-1.404570,0.140727,1.206408,1.973802,0.376773,15.500278,0.000000,0.000000
3.580000,-1.403862,0.142387,1.216470,2.051301,0.286273,15.499889,0.000000,0.000000
3.585000,-1.403147,0.143584,1.226921,2.128801,0.191874,15.500604,0.000000,0.000000
3.590000,-1.402427,0.144299,1.237758,2.206308,0.093543,15.502593,0.000000,0.000000
3.595000,-1.401704,0.144512,1.248984,2.283828,-0.008750,15.506038,0.000000,0.000000
3.600000,-1.400982,0.144204,1.260596,2.361369,-0.115035,15.511133,0.000000,0.000000
3.605000,-1.400263,0.143355,1.272597,2.438941,-0.225342,15.518086,0.000000,0.000000
3.610000,-1.399550,0.141944,1.284986,2.516553,-0.339699,15.527116,0.000000,0.000000
3.615000,-1.398845,0.139952,1.297763,2.594217,-0.458133,15.538458,0.000000,0.000000
3.620000,-1.398151,0.137356,1.310928,2.671943,-0.580670,15.552356,0.000000,0.000000
3.625000,-1.397472,0.134138,1.324483,2.749746,-0.707335,15.569072,0.000000,0.000000
3.630000,-1.396811,0.130276,1.338426,2.827640,-0.838155,15.588875,0.000000,0.000000
3.635000,-1.396171,0.125750,1.352759,2.905641,-0.973152,15.612053,0.000000,0.000000
3.640000,-1.395555,0.120538,1.367483,2.983767,-1.112350,15.638902,0.000000,0.000000
3.645000,-1.394966,0.114619,1.382597,3.062036,-1.255771,15.669733,0.000000,0.000000
3.650000,-1.394410,0.107973,1.398103,3.140471,-1.403439,15.704868,0.000000,0.000000
3.655000,-1.393888,0.100578,1.414002,3.219092,-1.555374,15.744641,0.000000,0.000000
3.660000,-1.393405,0.092412,1.430294,3.297925,-1.711597,15.789398,0.000000,0.000000
3.665000,-1.392965,0.083454,1.446982,3.376995,-1.872128,15.839495,0.000000,0.000000
3.670000,-1.392572,0.073683,1.464065,3.456330,-2.036986,15.895299,0.000000,0.000000
3.675000,-1.392230,0.063077,1.481546,3.535958,-2.206187,15.957186,0.000000,0.000000
3.680000,-1.391943,0.051614,1.499425,3.615912,-2.379749,16.025540,0.000000,0.000000
3.685000,-1.391715,0.039273,1.517705,3.696225,-2.557685,16.100752,0.000000,0.000000
3.690000,-1.391551,0.026030,1.536388,3.776932,-2.740009,16.183221,0.000000,0.000000
3.695000,-1.391456,0.011865,1.555475,3.858070,-2.926729,16.273350,0.000000,0.000000
3.700000,-1.391434,-0.003245,1.574969,3.939679,-3.117851,16.371543,0.000000,0.000000
3.705000,-1.391490,-0.019321,1.594873,4.021800,-3.313377,16.478206,0.000000,0.000000
3.710000,-1.391629,-0.036386,1.615188,4.104476,-3.513303,16.593745,0.000000,0.000000
3.715000,-1.391856,-0.054461,1.635919,4.187753,-3.717616,16.718557,0.000000,0.000000
3.720000,-1.392175,-0.073569,1.657067,4.271677,-3.926297,16.853035,0.000000,0.000000
3.725000,-1.392593,-0.093731,1.678637,4.356299,-4.139314,16.997554,0.000000,0.000000
3.730000,-1.393115,-0.114969,1.700631,4.441670,-4.356624,17.152477,0.000000,0.000000
3.735000,-1.393745,-0.137304,1.723055,4.527842,-4.578166,17.318138,0.000000,0.000000
3.740000,-1.394489,-0.160758,1.745911,4.614871,-4.803859,17.494842,0.000000,0.000000
3.745000,-1.395354,-0.185350,1.769205,4.702810,-5.033598,17.682853,0.000000,0.000000
3.750000,-1.396345,-0.211101,1.792941,4.791718,-5.267248,17.882385,0.000000,0.000000
3.755000,-1.397467,-0.238029,1.817124,4.881653,-5.504642,18.093589,0.000000,0.000000
3.760000,-1.398727,-0.266152,1.841759,4.972672,-5.745569,18.316539,0.000000,0.000000
3.765000,-1.400131,-0.295488,1.866852,5.064834,-5.989767,18.551211,0.000000,0.000000
3.770000,-1.401684,-0.326053,1.892409,5.158199,-6.236925,18.797475,0.000000,0.000000
3.775000,-1.403393,-0.357862,1.918436,5.252828,-6.486659,19.055057,0.000000,0.000000
3.780000,-1.405265,-0.390926,1.944940,5.348774,-6.738497,19.323516,0.000000,0.000000
3.785000,-1.407305,-0.425253,1.971927,5.446088,-6.991868,19.602206,0.000000,0.000000
3.790000,-1.409520,-0.460848,1.999403,5.544817,-7.246089,19.890245,0.000000,0.000000
3.795000,-1.411915,-0.497714,2.027377,5.645004,-7.500344,20.186466,0.000000,0.000000
3.800000,-1.414499,-0.535848,2.055856,5.746688,-7.753671,20.489372,0.000000,0.000000
3.805000,-1.417276,-0.575243,2.084846,5.849898,-8.004926,20.797072,0.000000,0.000000
3.810000,-1.420253,-0.615883,2.114357,5.954643,-8.252739,21.107195,0.000000,0.000000
3.815000,-1.423437,-0.657753,2.144395,6.060945,-8.495558,21.416882,0.000000,0.000000
3.820000,-1.426833,-0.700826,2.174969,6.168802,-8.731543,21.722643,0.000000,0.000000
3.825000,-1.430447,-0.745063,2.206086,6.278180,-8.958522,22.020251,0.000000,0.000000
3.830000,-1.434286,-0.790407,2.237754,6.389018,-9.173968,22.304652,0.000000,0.000000
3.835000,-1.438353,-0.836791,2.269980,6.501226,-9.374960,22.569863,0.000000,0.000000
3.840000,-1.442655,-0.884131,2.302769,6.614683,-9.558164,22.808881,0.000000,0.000000
3.845000,-1.447196,-0.932330,2.336128,6.729242,-9.719803,23.013592,0.000000,0.000000
3.850000,-1.451979,-0.981277,2.370062,6.844724,-9.855640,23.174696,0.000000,0.000000
3.855000,-1.457009,-1.030830,2.404575,6.960882,-9.960887,23.281550,0.000000,0.000000
3.860000,-1.462288,-1.080822,2.439670,7.077415,-10.030236,23.322165,0.000000,0.000000
3.865000,-1.467818,-1.131062,2.475349,7.193966,-10.057892,23.283241,0.000000,0.000000
3.870000,-1.473599,-1.181324,2.511611,7.310100,-10.037584,23.150196,0.000000,0.000000
3.875000,-1.479631,-1.231351,2.548451,7.425300,-9.962666,22.907358,0.000000,0.000000
3.880000,-1.485912,-1.280851,2.585862,7.538974,-9.826258,22.538264,0.000000,0.000000
3.885000,-1.492438,-1.329499,2.623836,7.650446,-9.621439,22.026092,0.000000,0.000000
3.890000,-1.499205,-1.376938,2.662360,7.758963,-9.341492,21.354229,0.000000,0.000000
3.895000,-1.506205,-1.422782,2.701419,7.863702,-8.980230,20.507038,0.000000,0.000000
3.900000,-1.513429,-1.466607,2.740990,7.963744,-8.532361,19.470770,0.000000,0.000000
3.905000,-1.520867,-1.507958,2.781047,8.058085,-7.993893,18.234571,0.000000,0.000000
3.910000,-1.528504,-1.546378,2.821559,8.145713,-7.362728,16.791824,0.000000,0.000000
3.915000,-1.536325,-1.581414,2.862491,8.225616,-6.639064,15.141222,0.000000,0.000000
3.920000,-1.544311,-1.612617,2.903801,8.296782,-5.825755,13.287730,0.000000,0.000000
3.925000,-1.552444,-1.639541,2.945442,8.358197,-4.928597,11.243342,0.000000,0.000000
3.930000,-1.560699,-1.661789,2.987366,8.408957,-3.956553,9.027614,0.000000,0.000000
3.935000,-1.569054,-1.679009,3.029513,8.448253,-2.921689,6.667589,0.000000,0.000000
3.940000,-1.577480,-1.690922,3.071827,8.475440,-1.838846,4.197029,0.000000,0.000000
3.945000,-1.585953,-1.697337,3.114246,8.490080,-0.725090,1.655100,0.000000,0.000000
3.950000,-1.594444,-1.698148,3.156706,8.491931,0.401027,-0.915398,0.000000,0.000000
3.955000,-1.602925,-1.693340,3.199144,8.480957,1.520315,-3.470114,0.000000,0.000000
3.960000,-1.611369,-1.682986,3.241495,8.457324,2.613906,-5.965481,0.000000,0.000000
3.965000,-1.619746,-1.667268,3.283697,8.421456,3.664221,-8.361075,0.000000,0.000000
3.970000,-1.628033,-1.646447,3.325690,8.373951,4.655731,-10.621451,0.000000,0.000000
3.975000,-1.636203,-1.620841,3.367418,8.315540,5.575543,-12.717574,0.000000,0.000000
3.980000,-1.644234,-1.590829,3.408829,8.247088,6.413761,-14.627661,0.000000,0.000000
3.985000,-1.652104,-1.556845,3.449874,8.169583,7.163659,-16.337507,0.000000,0.000000
3.990000,-1.659796,-1.519339,3.490511,8.084044,7.821555,-17.840187,0.000000,0.000000
3.995000,-1.667293,-1.478782,3.530703,7.991523,8.386586,-19.135396,0.000000,0.000000
4.000000,-1.674580,-1.435632,3.570417,7.893040,8.860255,-20.228368,0.000000,0.000000
4.005000,-1.681646,-1.390331,3.609625,7.789571,9.246003,-21.128773,0.000000,0.000000
4.010000,-1.688480,-1.343308,3.648306,7.682048,9.548774,-21.849614,0.000000,0.000000
4.015000,-1.695076,-1.294969,3.686440,7.571344,9.774567,-22.406124,0.000000,0.000000
4.020000,-1.701428,-1.245680,3.724015,7.458234,9.929981,-22.814713,0.000000,0.000000
4.025000,-1.707532,-1.195775,3.761020,7.343414,10.021909,-23.092218,0.000000,0.000000
4.030000,-1.713386,-1.145555,3.797448,7.227500,10.057266,-23.255258,0.000000,0.000000
4.035000,-1.718988,-1.095285,3.833294,7.111026,10.042775,-23.319760,0.000000,0.000000
4.040000,-1.724339,-1.045200,3.868558,6.994445,9.984817,-23.300632,0.000000,0.000000
4.045000,-1.729440,-0.995502,3.903239,6.878142,9.889341,-23.211569,0.000000,0.000000
4.050000,-1.734295,-0.946361,3.937340,6.762428,9.761784,-23.064921,0.000000,0.000000
4.055000,-1.738905,-0.897927,3.970865,6.647564,9.607080,-22.871717,0.000000,0.000000
4.060000,-1.743275,-0.850325,4.003818,6.533764,9.429662,-22.641679,0.000000,0.000000
4.065000,-1.747410,-0.803661,4.036204,6.421193,9.233457,-22.383277,0.000000,0.000000
4.070000,-1.751314,-0.758018,4.068032,6.309971,9.021906,-22.103798,0.000000,0.000000
4.075000,-1.754992,-0.713466,4.099306,6.200187,8.798026,-21.809490,0.000000,0.000000
4.080000,-1.758450,-0.670058,4.130036,6.091901,8.564426,-21.505634,0.000000,0.000000
4.085000,-1.761694,-0.627835,4.160228,5.985142,8.323357,-21.196670,0.000000,0.000000
4.090000,-1.764731,-0.586830,4.189890,5.879929,8.076766,-20.886311,0.000000,0.000000
4.095000,-1.767565,-0.547068,4.219030,5.776265,7.826325,-20.577624,0.000000,0.000000
4.100000,-1.770204,-0.508568,4.247655,5.674138,7.573457,-20.273114,0.000000,0.000000
4.105000,-1.772653,-0.471337,4.275774,5.573524,7.319365,-19.974800,0.000000,0.000000
4.110000,-1.774919,-0.435377,4.303393,5.474383,7.065052,-19.684277,0.000000,0.000000
4.115000,-1.777009,-0.400687,4.330520,5.376672,6.811373,-19.402799,0.000000,0.000000
4.120000,-1.778928,-0.367264,4.357162,5.280344,6.559045,-19.131325,0.000000,0.000000
4.125000,-1.780683,-0.335096,4.383326,5.185345,6.308660,-18.870559,0.000000,0.000000
4.130000,-1.782281,-0.304173,4.409017,5.091619,6.060712,-18.620996,0.000000,0.000000
4.135000,-1.783727,-0.274482,4.434244,4.999111,5.815614,-18.382957,0.000000,0.000000
4.140000,-1.785028,-0.246008,4.459011,4.907764,5.573706,-18.156618,0.000000,0.000000
4.145000,-1.786189,-0.218736,4.483323,4.817520,5.335265,-17.942032,0.000000,0.000000
4.150000,-1.787217,-0.192648,4.507187,4.728322,5.100517,-17.739149,0.000000,0.000000
4.155000,-1.788118,-0.167725,4.530608,4.640111,4.869640,-17.547840,0.000000,0.000000
4.160000,-1.788896,-0.143947,4.553590,4.552828,4.642773,-17.367904,0.000000,0.000000
4.165000,-1.789559,-0.121292,4.576138,4.466415,4.420027,-17.199091,0.000000,0.000000
4.170000,-1.790111,-0.099740,4.598256,4.380820,4.201491,-17.041108,0.000000,0.000000
4.175000,-1.790558,-0.079270,4.619947,4.295987,3.987232,-16.893626,0.000000,0.000000
4.180000,-1.790906,-0.059861,4.641217,4.211866,3.777297,-16.756294,0.000000,0.000000
4.185000,-1.791158,-0.041490,4.662067,4.128408,3.571722,-16.628736,0.000000,0.000000
4.190000,-1.791322,-0.024136,4.682502,4.045563,3.370531,-16.510567,0.000000,0.000000
4.195000,-1.791401,-0.007777,4.702524,3.963287,3.173736,-16.401387,0.000000,0.000000
4.200000,-1.791401,0.007609,4.722135,3.881535,2.981345,-16.300795,0.000000,0.000000
4.205000,-1.791327,0.022044,4.741340,3.800265,2.793357,-16.208384,0.000000,0.000000
4.210000,-1.791183,0.035550,4.760139,3.719438,2.609767,-16.123749,0.000000,0.000000
4.215000,-1.790973,0.048149,4.778535,3.639016,2.430568,-16.046487,0.000000,0.000000
4.220000,-1.790703,0.059863,4.796530,3.558961,2.255747,-15.976198,0.000000,0.000000
4.225000,-1.790376,0.070714,4.814125,3.479242,2.085290,-15.912487,0.000000,0.000000
4.230000,-1.789997,0.080723,4.831323,3.399826,1.919183,-15.854970,0.000000,0.000000
4.235000,-1.789570,0.089913,4.848124,3.320683,1.757408,-15.803266,0.000000,0.000000
4.240000,-1.789099,0.098304,4.864530,3.241785,1.599946,-15.757008,0.000000,0.000000
4.245000,-1.788588,0.105919,4.880542,3.163105,1.446778,-15.715834,0.000000,0.000000
4.250000,-1.788041,0.112779,4.896161,3.084619,1.297882,-15.679398,0.000000,0.000000
4.255000,-1.787462,0.118905,4.911388,3.006304,1.153239,-15.647360,0.000000,0.000000
4.260000,-1.786853,0.124319,4.926224,2.928138,1.012826,-15.619396,0.000000,0.000000
4.265000,-1.786220,0.129040,4.940670,2.850103,0.876620,-15.595192,0.000000,0.000000
4.270000,-1.785564,0.133092,4.954726,2.772180,0.744599,-15.574446,0.000000,0.000000
4.275000,-1.784890,0.136493,4.968392,2.694352,0.616739,-15.556870,0.000000,0.000000
4.280000,-1.784200,0.139266,4.981669,2.616606,0.493016,-15.542187,0.000000,0.000000
4.285000,-1.783498,0.141430,4.994558,2.538926,0.373404,-15.530134,0.000000,0.000000
4.290000,-1.782787,0.143007,5.007059,2.461302,0.257877,-15.520462,0.000000,0.000000
4.295000,-1.782069,0.144016,5.019171,2.383719,0.146406,-15.512934,0.000000,0.000000
4.300000,-1.781347,0.144478,5.030896,2.306170,0.038965,-15.507325,0.000000,0.000000
4.305000,-1.780625,0.144412,5.042233,2.228644,-0.064477,-15.503425,0.000000,0.000000
4.310000,-1.779904,0.143840,5.053182,2.151133,-0.163947,-15.501036,0.000000,0.000000
4.315000,-1.779187,0.142779,5.063744,2.073630,-0.259478,-15.499972,0.000000,0.000000
4.320000,-1.778477,0.141251,5.073919,1.996131,-0.351098,-15.500060,0.000000,0.000000
4.325000,-1.777776,0.139275,5.083706,1.918627,-0.438842,-15.501139,0.000000,0.000000
4.330000,-1.777085,0.136869,5.093105,1.841117,-0.522741,-15.503059,0.000000,0.000000
4.335000,-1.776408,0.134054,5.102117,1.763595,-0.602828,-15.505682,0.000000,0.000000
4.340000,-1.775745,0.130847,5.110741,1.686059,-0.679137,-15.508882,0.000000,0.000000
4.345000,-1.775100,0.127269,5.118977,1.608506,-0.751701,-15.512542,0.000000,0.000000
4.350000,-1.774473,0.123336,5.126826,1.530934,-0.820556,-15.516556,0.000000,0.000000
4.355000,-1.773867,0.119069,5.134287,1.453341,-0.885734,-15.520829,0.000000,0.000000
4.360000,-1.773283,0.114485,5.141359,1.375726,-0.947271,-15.525272,0.000000,0.000000
4.365000,-1.772723,0.109602,5.148044,1.298089,-1.005200,-15.529808,0.000000,0.000000
4.370000,-1.772187,0.104439,5.154340,1.220428,-1.059555,-15.534366,0.000000,0.000000
4.375000,-1.771679,0.099013,5.160248,1.142744,-1.110367,-15.538884,0.000000,0.000000
4.380000,-1.771198,0.093341,5.165768,1.065039,-1.157668,-15.543306,0.000000,0.000000
4.385000,-1.770746,0.087442,5.170898,0.987311,-1.201489,-15.547584,0.000000,0.000000
4.390000,-1.770324,0.081332,5.175641,0.909563,-1.241860,-15.551673,0.000000,0.000000
4.395000,-1.769933,0.075029,5.179994,0.831795,-1.278809,-15.555538,0.000000,0.000000
4.400000,-1.769574,0.068550,5.183959,0.754008,-1.312362,-15.559146,0.000000,0.000000
4.405000,-1.769247,0.061911,5.187534,0.676204,-1.342545,-15.562468,0.000000,0.000000
4.410000,-1.768955,0.055130,5.190721,0.598384,-1.369379,-15.565482,0.000000,0.000000
4.415000,-1.768696,0.048223,5.193518,0.520550,-1.392886,-15.568168,0.000000,0.000000
4.420000,-1.768473,0.041206,5.195926,0.442703,-1.413085,-15.570509,0.000000,0.000000
4.425000,-1.768284,0.034097,5.197945,0.364846,-1.429991,-15.572491,0.000000,0.000000
4.430000,-1.768132,0.026912,5.199574,0.286979,-1.443619,-15.574104,0.000000,0.000000
4.435000,-1.768015,0.019667,5.200815,0.209105,-1.453980,-15.575339,0.000000,0.000000
4.440000,-1.767935,0.012378,5.201666,0.131226,-1.461083,-15.576189,0.000000,0.000000
4.445000,-1.767892,0.005061,5.202127,0.053344,-1.464933,-15.576652,0.000000,0.000000
4.450000,-1.767885,-0.002266,5.202199,-0.024540,-1.465533,-15.576724,0.000000,0.000000
4.455000,-1.767914,-0.009588,5.201882,-0.102423,-1.462885,-15.576406,0.000000,0.000000
4.460000,-1.767981,-0.016889,5.201175,-0.180304,-1.456986,-15.575698,0.000000,0.000000
4.465000,-1.768083,-0.024153,5.200079,-0.258179,-1.447831,-15.574605,0.000000,0.000000
4.470000,-1.768222,-0.031362,5.198593,-0.336049,-1.435413,-15.573131,0.000000,0.000000
4.475000,-1.768397,-0.038502,5.196718,-0.413910,-1.419720,-15.571284,0.000000,0.000000
4.480000,-1.768607,-0.045554,5.194454,-0.491761,-1.400741,-15.569075,0.000000,0.000000
4.485000,-1.768852,-0.052504,5.191800,-0.569600,-1.378459,-15.566515,0.000000,0.000000
4.490000,-1.769132,-0.059333,5.188758,-0.647425,-1.352858,-15.563620,0.000000,0.000000
4.495000,-1.769445,-0.066027,5.185326,-0.725236,-1.323916,-15.560409,0.000000,0.000000
4.500000,-1.769792,-0.072567,5.181506,-0.803029,-1.291612,-15.556904,0.000000,0.000000
4.505000,-1.770171,-0.078937,5.177296,-0.880805,-1.255922,-15.553131,0.000000,0.000000
4.510000,-1.770581,-0.085120,5.172698,-0.958560,-1.216820,-15.549120,0.000000,0.000000
4.515000,-1.771021,-0.091100,5.167710,-1.036296,-1.174278,-15.544908,0.000000,0.000000
4.520000,-1.771491,-0.096857,5.162335,-1.114009,-1.128267,-15.540534,0.000000,0.000000
4.525000,-1.771990,-0.102376,5.156570,-1.191701,-1.078758,-15.536045,0.000000,0.000000
4.530000,-1.772515,-0.107639,5.150418,-1.269369,-1.025718,-15.531495,0.000000,0.000000
4.535000,-1.773066,-0.112628,5.143877,-1.347015,-0.969115,-15.526943,0.000000,0.000000
4.540000,-1.773641,-0.117324,5.136948,-1.424638,-0.908916,-15.522457,0.000000,0.000000
4.545000,-1.774238,-0.121711,5.129630,-1.502240,-0.845088,-15.518111,0.000000,0.000000
4.550000,-1.774857,-0.125769,5.121925,-1.579820,-0.777596,-15.513990,0.000000,0.000000
4.555000,-1.775495,-0.129481,5.113832,-1.657381,-0.706407,-15.510187,0.000000,0.000000
4.560000,-1.776151,-0.132827,5.105351,-1.734923,-0.631487,-15.506804,0.000000,0.000000
4.565000,-1.776823,-0.135789,5.096483,-1.812451,-0.552800,-15.503953,0.000000,0.000000
4.570000,-1.777509,-0.138349,5.087227,-1.889966,-0.470314,-15.501758,0.000000,0.000000
4.575000,-1.778206,-0.140486,5.077583,-1.967471,-0.383997,-15.500351,0.000000,0.000000
4.580000,-1.778913,-0.142182,5.067552,-2.044970,-0.293814,-15.499879,0.000000,0.000000
4.585000,-1.779627,-0.143418,5.057134,-2.122470,-0.199734,-15.500498,0.000000,0.000000
4.590000,-1.780346,-0.144173,5.046328,-2.199976,-0.101726,-15.502376,0.000000,0.000000
4.595000,-1.781068,-0.144428,5.035134,-2.277494,0.000242,-15.505695,0.000000,0.000000
4.600000,-1.781789,-0.144164,5.023553,-2.355034,0.106200,-15.510647,0.000000,0.000000
4.605000,-1.782509,-0.143359,5.011584,-2.432603,0.216178,-15.517440,0.000000,0.000000
4.610000,-1.783222,-0.141995,4.999227,-2.510212,0.330203,-15.526292,0.000000,0.000000
4.615000,-1.783927,-0.140051,4.986481,-2.587871,0.448303,-15.537436,0.000000,0.000000
4.620000,-1.784622,-0.137506,4.973348,-2.665592,0.570504,-15.551116,0.000000,0.000000
4.625000,-1.785302,-0.134339,4.959825,-2.743387,0.696831,-15.567591,0.000000,0.000000
4.630000,-1.785964,-0.130530,4.945914,-2.821273,0.827310,-15.587132,0.000000,0.000000
4.635000,-1.786606,-0.126059,4.931612,-2.899265,0.961965,-15.610023,0.000000,0.000000
4.640000,-1.787223,-0.120904,4.916921,-2.977380,1.100818,-15.636561,0.000000,0.000000
4.645000,-1.787814,-0.115044,4.901838,-3.055637,1.243894,-15.667054,0.000000,0.000000
4.650000,-1.788373,-0.108458,4.886364,-3.134057,1.391214,-15.701825,0.000000,0.000000
4.655000,-1.788897,-0.101124,4.870497,-3.212662,1.542799,-15.741206,0.000000,0.000000
4.660000,-1.789383,-0.093022,4.854237,-3.291477,1.698672,-15.785543,0.000000,0.000000
4.665000,-1.789826,-0.084130,4.837582,-3.370526,1.858850,-15.835191,0.000000,0.000000
4.670000,-1.790223,-0.074427,4.820531,-3.449838,2.023354,-15.890514,0.000000,0.000000
4.675000,-1.790569,-0.063890,4.803083,-3.529442,2.192200,-15.951890,0.000000,0.000000
4.680000,-1.790860,-0.052498,4.785236,-3.609368,2.365405,-16.019701,0.000000,0.000000
4.685000,-1.791092,-0.040228,4.766989,-3.689650,2.542983,-16.094338,0.000000,0.000000
4.690000,-1.791261,-0.027060,4.748339,-3.770324,2.724948,-16.176199,0.000000,0.000000
4.695000,-1.791361,-0.012972,4.729285,-3.851425,2.911308,-16.265687,0.000000,0.000000
4.700000,-1.791389,0.002060,4.709824,-3.932994,3.102071,-16.363206,0.000000,0.000000
4.705000,-1.791339,0.018057,4.689954,-4.015071,3.297237,-16.469162,0.000000,0.000000
4.710000,-1.791207,0.035040,4.669673,-4.097700,3.496804,-16.583961,0.000000,0.000000
4.715000,-1.790987,0.053032,4.648976,-4.180926,3.700759,-16.708001,0.000000,0.000000
4.720000,-1.790675,0.072054,4.627862,-4.264796,3.909084,-16.841674,0.000000,0.000000
4.725000,-1.790265,0.092130,4.606327,-4.349359,4.121749,-16.985359,0.000000,0.000000
4.730000,-1.789752,0.113279,4.584368,-4.434667,4.338711,-17.139419,0.000000,0.000000
4.735000,-1.789130,0.135524,4.561979,-4.520772,4.559910,-17.304191,0.000000,0.000000
4.740000,-1.788394,0.158886,4.539158,-4.607728,4.785267,-17.479982,0.000000,0.000000
4.745000,-1.787539,0.183384,4.515900,-4.695591,5.014679,-17.667061,0.000000,0.000000
4.750000,-1.786559,0.209039,4.492201,-4.784417,5.248016,-17.865645,0.000000,0.000000
4.755000,-1.785447,0.235870,4.468055,-4.874266,5.485111,-18.075892,0.000000,0.000000
4.760000,-1.784198,0.263895,4.443456,-4.965194,5.725757,-18.297880,0.000000,0.000000
4.765000,-1.782806,0.293131,4.418401,-5.057260,5.969699,-18.531599,0.000000,0.000000
4.770000,-1.781265,0.323595,4.392882,-5.150526,6.216631,-18.776925,0.000000,0.000000
4.775000,-1.779568,0.355302,4.366893,-5.245050,6.466173,-19.033597,0.000000,0.000000
4.780000,-1.777710,0.388264,4.340429,-5.340886,6.717859,-19.301189,0.000000,0.000000
4.785000,-1.775683,0.422487,4.313482,-5.438086,6.971128,-19.579072,0.000000,0.000000
4.790000,-1.773483,0.457978,4.286046,-5.536697,7.225305,-19.866385,0.000000,0.000000
4.795000,-1.771101,0.494740,4.258113,-5.636762,7.479590,-20.161988,0.000000,0.000000
4.800000,-1.768533,0.532770,4.229676,-5.738323,7.733034,-20.464414,0.000000,0.000000
4.805000,-1.765772,0.572062,4.200727,-5.841404,7.984500,-20.771798,0.000000,0.000000
4.810000,-1.762811,0.612601,4.171260,-5.946024,8.232650,-21.081824,0.000000,0.000000
4.815000,-1.759644,0.654373,4.141265,-6.052203,8.475953,-21.391678,0.000000,0.000000
4.820000,-1.756265,0.697351,4.110735,-6.159938,8.712583,-21.697919,0.000000,0.000000
4.825000,-1.752668,0.741495,4.079662,-6.269196,8.940392,-21.996376,0.000000,0.000000
4.830000,-1.748847,0.786751,4.048039,-6.379916,9.156880,-22.282063,0.000000,0.000000
4.835000,-1.744798,0.833051,4.015860,-6.492011,9.359162,-22.549079,0.000000,0.000000
4.840000,-1.740515,0.880314,3.983117,-6.605367,9.543943,-22.790514,0.000000,0.000000
4.845000,-1.735994,0.928446,3.949805,-6.719840,9.707494,-22.998357,0.000000,0.000000
4.850000,-1.731230,0.977338,3.915918,-6.835258,9.845620,-23.163415,0.000000,0.000000
4.855000,-1.726220,1.026847,3.881452,-6.951368,9.953552,-23.275125,0.000000,0.000000
4.860000,-1.720961,1.076810,3.846405,-7.067884,10.026046,-23.321635,0.000000,0.000000
4.865000,-1.715451,1.127039,3.810773,-7.184451,10.057343,-23.289747,0.000000,0.000000
4.870000,-1.709690,1.177309,3.774559,-7.300640,10.041204,-23.164972,0.000000,0.000000
4.875000,-1.703678,1.227366,3.737766,-7.415940,9.971006,-22.931717,0.000000,0.000000
4.880000,-1.697417,1.276921,3.700401,-7.529763,9.839884,-22.573571,0.000000,0.000000
4.885000,-1.690910,1.325652,3.662473,-7.641441,9.640910,-22.073719,0.000000,0.000000
4.890000,-1.684163,1.373203,3.623993,-7.750229,9.367343,-21.415509,0.000000,0.000000
4.895000,-1.677181,1.419193,3.584978,-7.855310,9.012938,-20.583192,0.000000,0.000000
4.900000,-1.669974,1.463200,3.545448,-7.955773,8.572317,-19.562828,0.000000,0.000000
4.905000,-1.662553,1.504770,3.505429,-8.050616,8.041357,-18.343275,0.000000,0.000000
4.910000,-1.654931,1.543446,3.464953,-8.138830,7.417791,-16.917529,0.000000,0.000000
4.915000,-1.647124,1.578776,3.424054,-8.219403,6.701615,-15.283815,0.000000,0.000000
4.920000,-1.639150,1.610309,3.382773,-8.291321,5.895456,-13.446551,0.000000,0.000000
4.925000,-1.631028,1.637599,3.341157,-8.353570,5.004856,-11.417130,0.000000,0.000000
4.930000,-1.622782,1.660243,3.299254,-8.405232,4.038517,-9.214483,0.000000,0.000000
4.935000,-1.614434,1.677885,3.257123,-8.445491,3.008263,-6.865065,0.000000,0.000000
4.940000,-1.606012,1.690240,3.214820,-8.473687,1.928725,-4.402128,0.000000,0.000000
4.945000,-1.597541,1.697109,3.172408,-8.489363,0.816813,-1.864460,0.000000,0.000000
4.950000,-1.589050,1.698380,3.129948,-8.492264,-0.309012,0.705363,0.000000,0.000000
4.955000,-1.580567,1.694030,3.087506,-8.482334,-1.429579,3.263032,0.000000,0.000000
4.960000,-1.572119,1.684123,3.045146,-8.459723,-2.525951,5.764821,0.000000,0.000000
4.965000,-1.563734,1.668835,3.002929,-8.424834,-3.580417,8.169976,0.000000,0.000000
4.970000,-1.555439,1.648419,2.960917,-8.378254,-4.577255,10.442584,0.000000,0.000000
4.975000,-1.547258,1.623191,2.919165,-8.320704,-5.503339,12.553047,0.000000,0.000000
4.980000,-1.539215,1.593523,2.877727,-8.253037,-6.348520,14.478970,0.000000,0.000000
4.985000,-1.531330,1.559847,2.836650,-8.176234,-7.105815,16.205537,0.000000,0.000000
4.990000,-1.523622,1.522615,2.795978,-8.091320,-7.771310,17.725261,0.000000,0.000000
4.995000,-1.516109,1.482289,2.755748,-7.999329,-8.343900,19.037291,0.000000,0.000000
5.000000,-1.508804,1.439329,2.715995,-7.901286,-8.824911,20.146448,0.000000,0.000000
