time_s,cart_pos_m,cart_vel_mps,pendulum_angle_rad,pendulum_ang_vel_radps,cart_accel_mps2,pendulum_ang_accel_radps2,applied_force_N,mass_matrix_11,mass_matrix_12,mass_matrix_22
0.000000,0.000000,0.000000,2.967060,0.000000,-1.323286,-5.011118,-1.827719,2.500000,-0.295442,0.180000
0.020000,-0.000269,-0.027057,2.966050,-0.101299,-1.381578,-5.122640,-1.941308,2.500000,-0.295390,0.180000
0.040000,-0.001090,-0.055226,2.962991,-0.205059,-1.434338,-5.257168,-2.036023,2.500000,-0.295228,0.180000
0.060000,-0.002484,-0.084389,2.957829,-0.311735,-1.480822,-5.414142,-2.110488,2.500000,-0.294949,0.180000
0.080000,-0.004471,-0.114412,2.950500,-0.421771,-1.520307,-5.593113,-2.163512,2.500000,-0.294539,0.180000
0.100000,-0.007066,-0.145150,2.940932,-0.535604,-1.552070,-5.793702,-2.194094,2.500000,-0.293981,0.180000
0.120000,-0.010281,-0.176439,2.929047,-0.653661,-1.575382,-6.015564,-2.201437,2.500000,-0.293249,0.180000
0.140000,-0.014126,-0.208104,2.914755,-0.776366,-1.589477,-6.258334,-2.184955,2.500000,-0.292315,0.180000
0.160000,-0.018606,-0.239951,2.897959,-0.904131,-1.593526,-6.521564,-2.144282,2.500000,-0.291140,0.180000
0.180000,-0.023723,-0.271771,2.878553,-1.037361,-1.586605,-6.804657,-2.079274,2.500000,-0.289681,0.180000
0.200000,-0.029475,-0.303335,2.856425,-1.176445,-1.567656,-7.106791,-1.990010,2.500000,-0.287884,0.180000
0.220000,-0.035854,-0.334389,2.831454,-1.321752,-1.535440,-7.426843,-1.876798,2.500000,-0.285687,0.180000
0.240000,-0.042846,-0.364655,2.803512,-1.473628,-1.488499,-7.763326,-1.740168,2.500000,-0.283018,0.180000
0.260000,-0.050432,-0.393820,2.772463,-1.632382,-1.425110,-8.114337,-1.580871,2.500000,-0.279793,0.180000
0.280000,-0.058589,-0.421536,2.738169,-1.798283,-1.343248,-8.477542,-1.399874,2.500000,-0.275917,0.180000
0.300000,-0.067282,-0.447411,2.700483,-1.971547,-1.240564,-8.850217,-1.198351,2.500000,-0.271283,0.180000
0.320000,-0.076470,-0.471002,2.659256,-2.152335,-1.114382,-9.229359,-0.977672,2.500000,-0.265774,0.180000
0.340000,-0.086103,-0.491810,2.614338,-2.340744,-0.961715,-9.611881,-0.739395,2.500000,-0.259258,0.180000
0.360000,-0.096120,-0.509272,2.565576,-2.536814,-0.779321,-9.994930,-0.485251,2.500000,-0.251592,0.180000
0.380000,-0.106448,-0.522762,2.512815,-2.740529,-0.563786,-10.376295,-0.217130,2.500000,-0.242624,0.180000
0.400000,-0.116999,-0.531580,2.455904,-2.951847,-0.311636,-10.754925,0.062936,2.500000,-0.232195,0.180000
0.420000,-0.127674,-0.534960,2.394691,-3.170714,-0.019478,-11.131500,0.352789,2.500000,-0.220139,0.180000
0.440000,-0.138356,-0.532071,2.329025,-3.397111,0.315857,-11.509009,0.650166,2.500000,-0.206291,0.180000
0.460000,-0.148910,-0.522019,2.258756,-3.631117,0.697193,-11.893267,0.952716,2.500000,-0.190489,0.180000
0.480000,-0.159183,-0.503861,2.183728,-3.872950,1.126888,-12.293291,1.258022,2.500000,-0.172580,0.180000
0.500000,-0.169003,-0.476609,2.103783,-4.123036,1.606763,-12.721468,1.563622,2.500000,-0.152432,0.180000
0.520000,-0.178180,-0.439247,2.018747,-4.382097,2.138070,-13.193452,1.867031,2.500000,-0.129936,0.180000
0.540000,-0.186499,-0.390740,1.928432,-4.651189,2.721409,-13.727726,2.165761,2.500000,-0.105018,0.180000
0.560000,-0.193728,-0.330045,1.832623,-4.931758,3.356567,-14.344718,2.457346,2.500000,-0.077654,0.180000
0.580000,-0.199613,-0.256140,1.731073,-5.225669,4.042144,-15.065294,2.739360,2.500000,-0.047877,0.180000
0.600000,-0.203879,-0.168046,1.623492,-5.535185,4.774717,-15.908151,3.009442,2.500000,-0.015801,0.180000
0.620000,-0.206234,-0.064883,1.509544,-5.862895,5.547249,-16.885287,3.265316,2.500000,0.018364,0.180000
0.640000,-0.206369,0.054021,1.388837,-6.211476,6.346118,-17.994031,3.504810,2.500000,0.054287,0.180000
0.660000,-0.203966,0.188975,1.260929,-6.583339,7.146177,-19.203146,3.725876,2.500000,0.091480,0.180000
0.680000,-0.198706,0.339583,1.125340,-6.979737,7.902450,-20.429349,3.926609,2.500000,0.129261,0.180000
0.700000,-0.190288,0.504280,0.981583,-7.399510,8.538328,-21.501049,4.105264,2.500000,0.166712,0.180000
0.720000,-0.178464,0.679508,0.829241,-7.836741,8.930796,-22.110430,4.260270,2.500000,0.202631,0.180000
0.740000,-0.163081,0.858706,0.668086,-8.277658,8.900854,-21.773989,4.390248,2.500000,0.235503,0.180000
0.760000,-0.144159,1.031261,0.498275,-8.697196,8.229150,-19.861430,4.494018,2.500000,0.263523,0.180000
0.780000,-0.121973,1.182309,0.320590,-9.057649,6.729705,-15.797030,4.570616,2.500000,0.284715,0.180000
0.800000,-0.097124,1.294794,0.136664,-9.313851,4.393045,-9.480987,4.619297,2.500000,0.297203,0.180000
0.820000,-0.070536,1.354359,-0.051003,-9.426866,1.514346,-1.687082,4.639547,2.500000,0.299610,0.180000
0.840000,-0.043342,1.355400,-0.239347,-9.381537,-1.359960,6.078055,4.631084,2.500000,0.291448,0.180000
0.860000,-0.016674,1.303597,-0.425310,-9.193819,-3.698785,12.361507,4.593864,2.500000,0.273273,0.180000
0.880000,0.008542,1.212878,-0.606403,-8.901671,-5.233497,16.485419,4.528079,2.500000,0.246511,0.180000
0.900000,0.031690,1.099523,-0.780969,-8.547934,-5.983367,18.592503,4.434159,2.500000,0.213070,0.180000
0.920000,0.052466,0.977608,-0.948146,-8.167739,-6.124057,19.234172,4.312764,2.500000,0.174957,0.180000
0.940000,0.070806,0.857264,-1.107660,-7.784441,-5.857787,18.989293,4.164784,2.500000,0.134027,0.180000
0.960000,0.086811,0.744895,-1.259592,-7.411127,-5.350095,18.295014,3.991328,2.500000,0.091862,0.180000
0.980000,0.100679,0.644086,-1.404212,-7.053770,-4.717308,17.427331,3.793715,2.500000,0.049744,0.180000
1.000000,0.112663,0.556524,-1.541862,-6.714161,-4.035359,16.537731,3.573463,2.500000,0.008679,0.180000
1.020000,0.123032,0.482674,-1.672895,-6.391935,-3.352415,15.695388,3.332277,2.500000,-0.030576,0.180000
1.040000,0.132059,0.422228,-1.797647,-6.085899,-2.699234,14.919296,3.072035,2.500000,-0.067473,0.180000
1.060000,0.140005,0.374369,-1.916430,-5.794783,-2.096047,14.199534,2.794768,2.500000,-0.101638,0.180000
1.080000,0.147110,0.337959,-2.029532,-5.517707,-1.556707,13.510735,2.502646,2.500000,-0.132844,0.180000
1.100000,0.153591,0.311612,-2.137230,-5.254361,-1.090788,12.820886,2.197959,2.500000,-0.160988,0.180000
1.120000,0.159632,0.293794,-2.239800,-5.005099,-0.704547,12.097322,1.883095,2.500000,-0.186061,0.180000
1.140000,0.165388,0.282877,-2.337534,-4.770887,-0.401162,11.311039,1.560521,2.500000,-0.208137,0.180000
1.160000,0.170982,0.277194,-2.430746,-4.553225,-0.180787,10.439639,1.232763,2.500000,-0.227343,0.180000
1.180000,0.176500,0.275110,-2.519786,-4.353969,-0.040556,9.469015,0.902381,2.500000,-0.243848,0.180000
1.200000,0.182000,0.275075,-2.605041,-4.175163,0.025197,8.393808,0.571948,2.500000,-0.257843,0.180000
1.220000,0.187507,0.275675,-2.686943,-4.018895,0.024499,7.216753,0.244028,2.500000,-0.269524,0.180000
1.240000,0.193023,0.275677,-2.765960,-3.887112,-0.032796,5.947328,-0.078844,2.500000,-0.279083,0.180000
1.260000,0.198523,0.274060,-2.842602,-3.781522,-0.135623,4.599986,-0.394189,2.500000,-0.286690,0.180000
1.280000,0.203969,0.270027,-2.917405,-3.703513,-0.272245,3.192451,-0.699601,2.500000,-0.292493,0.180000
1.300000,0.209305,0.263025,-2.990933,-3.654094,-0.430643,1.744373,-0.992770,2.500000,-0.296602,0.180000
1.320000,0.214468,0.252737,-3.063763,-3.633871,-0.598744,0.276338,-1.271500,2.500000,-0.299092,0.180000
1.340000,0.219392,0.239090,-3.136484,-3.643034,-0.764501,-1.190626,-1.533730,2.500000,-0.299996,0.180000
1.360000,0.224010,0.222253,-3.209679,-3.681348,-0.915879,-2.635286,-1.777550,2.500000,-0.299305,0.180000
1.380000,0.228263,0.202631,-3.283928,-3.748156,-1.040824,-4.036491,-2.001220,2.500000,-0.296966,0.180000
1.400000,0.232101,0.180876,-3.359788,-3.842379,-1.127299,-5.373545,-2.203181,2.500000,-0.292887,0.180000
1.420000,0.235490,0.157875,-3.437796,-3.962540,-1.163463,-6.627073,-2.382071,2.500000,-0.286936,0.180000
1.440000,0.238415,0.134748,-3.518451,-4.106794,-1.138033,-7.780434,-2.536733,2.500000,-0.278948,0.180000
1.460000,0.240888,0.112833,-3.602214,-4.273008,-1.040826,-8.821566,-2.666230,2.500000,-0.268733,0.180000
1.480000,0.242947,0.093650,-3.689502,-4.458873,-0.863407,-9.745139,-2.769848,2.500000,-0.256085,0.180000
1.500000,0.244663,0.078872,-3.780684,-4.662049,-0.599733,-10.554508,-2.847103,2.500000,-0.240791,0.180000
1.520000,0.246143,0.070258,-3.876085,-4.880377,-0.246611,-11.262986,-2.897746,2.500000,-0.222651,0.180000
1.540000,0.247527,0.069605,-3.975988,-5.112051,0.196103,-11.894049,-2.921762,2.500000,-0.201488,0.180000
1.560000,0.248992,0.078682,-4.080648,-5.355838,0.725685,-12.480198,-2.919369,2.500000,-0.177165,0.180000
1.580000,0.250750,0.099178,-4.190299,-5.611221,1.336949,-13.060619,-2.891020,2.500000,-0.149608,0.180000
1.600000,0.253046,0.132657,-4.305175,-5.878508,2.022714,-13.677860,-2.837392,2.500000,-0.118816,0.180000
1.620000,0.256152,0.180523,-4.425526,-6.158860,2.773993,-14.373732,-2.759384,2.500000,-0.084883,0.180000
1.640000,0.260370,0.243979,-4.551630,-6.454225,3.579485,-15.184251,-2.658104,2.500000,-0.048020,0.180000
1.660000,0.266022,0.323962,-4.683812,-6.767150,4.423814,-16.132654,-2.534863,2.500000,-0.008572,0.180000
1.680000,0.273443,0.421041,-4.822452,-7.100460,5.283866,-17.218377,-2.391159,2.500000,0.032952,0.180000
1.700000,0.282977,0.535171,-4.967982,-7.456517,6.121920,-18.398411,-2.228663,2.500000,0.075846,0.180000
1.720000,0.294958,0.665364,-5.120872,-7.836283,6.875091,-19.556308,-2.049206,2.500000,0.119165,0.180000
1.740000,0.309681,0.808934,-5.281575,-8.237096,7.439271,-20.454541,-1.854758,2.500000,0.161684,0.180000
1.760000,0.327370,0.960609,-5.450439,-8.649997,7.652839,-20.677415,-1.647414,2.500000,0.201854,0.180000
1.780000,0.348100,1.111226,-5.627529,-9.055568,7.292225,-19.601871,-1.429371,2.500000,0.237794,0.180000
1.800000,0.371720,1.246823,-5.812394,-9.420496,6.113647,-16.497128,-1.202909,2.500000,0.267363,0.180000
1.820000,0.397753,1.349344,-6.003771,-9.698565,3.980517,-10.886108,-0.970371,2.500000,0.288365,0.180000
1.840000,0.425350,1.400639,-6.199429,-9.841254,1.050903,-3.113186,-0.734139,2.500000,0.298948,0.180000
1.860000,0.453359,1.389532,-6.396307,-9.817988,-2.148673,5.403838,-0.496615,2.500000,0.298083,0.180000
1.880000,0.480522,1.317460,-6.591061,-9.632725,-4.942644,12.805022,-0.260197,2.500000,0.285894,0.180000
1.900000,0.505738,1.197688,-6.780774,-9.321654,-6.872097,17.868587,-0.027256,2.500000,0.263621,0.180000
1.920000,0.528237,1.048948,-6.963423,-8.934609,-7.853940,20.460179,0.199882,2.500000,0.233227,0.180000
1.940000,0.547621,0.888689,-7.137951,-8.515908,-8.064191,21.156882,0.418961,2.500000,0.196919,0.180000
1.960000,0.563795,0.729851,-7.304055,-8.096041,-7.752413,20.692075,0.627814,2.500000,0.156788,0.180000
1.980000,0.576879,0.580631,-7.461900,-7.692014,-7.132616,19.651731,0.824382,2.500000,0.114634,0.180000
2.000000,0.587116,0.445590,-7.611892,-7.311262,-6.354477,18.412173,1.006735,2.500000,0.071920,0.180000
2.020000,0.594812,0.326871,-7.754518,-6.955443,-5.512190,17.181460,1.173087,2.500000,0.029790,0.180000
2.040000,0.600304,0.225150,-7.890267,-6.623280,-4.662047,16.057357,1.321814,2.500000,-0.010883,0.180000
2.060000,0.603930,0.140217,-8.019589,-6.312214,-3.837124,15.072044,1.451468,2.500000,-0.049456,0.180000
2.080000,0.606020,0.071361,-8.142878,-6.019497,-3.057446,14.220687,1.560791,2.500000,-0.085468,0.180000
2.100000,0.606885,0.017532,-8.260475,-5.742660,-2.335907,13.478361,1.648725,2.500000,-0.118617,0.180000
2.120000,0.606813,-0.022525,-8.372678,-5.479869,-1.681666,12.809950,1.714422,2.500000,-0.148725,0.180000
2.140000,0.606066,-0.050230,-8.479756,-5.230030,-1.101665,12.176382,1.757251,2.500000,-0.175717,0.180000
2.160000,0.604876,-0.067122,-8.581963,-4.992840,-0.601109,11.538989,1.776805,2.500000,-0.199609,0.180000
2.180000,0.603443,-0.074826,-8.679557,-4.768728,-0.183368,10.862893,1.772905,2.500000,-0.220481,0.180000
2.200000,0.601933,-0.075018,-8.772807,-4.558775,0.150335,10.119602,1.745597,2.500000,-0.238467,0.180000
2.220000,0.600481,-0.069366,-8.862012,-4.364532,0.401227,9.288759,1.695157,2.500000,-0.253735,0.180000
2.240000,0.599187,-0.059496,-8.947505,-4.187886,0.573035,8.358840,1.622084,2.500000,-0.266475,0.180000
2.260000,0.598119,-0.046932,-9.029658,-4.030861,0.671827,7.326856,1.527097,2.500000,-0.276885,0.180000
2.280000,0.597318,-0.033056,-9.108884,-3.895464,0.705611,6.197221,1.411128,2.500000,-0.285156,0.180000
2.300000,0.596797,-0.019078,-9.185634,-3.783556,0.683826,4.980122,1.275312,2.500000,-0.291462,0.180000
2.320000,0.596549,-0.006005,-9.260394,-3.696748,0.616833,3.689793,1.120977,2.500000,-0.295956,0.180000
2.340000,0.596546,0.005366,-9.333680,-3.636341,0.515495,2.342995,0.949632,2.500000,-0.298756,0.180000
2.360000,0.596748,0.014460,-9.406030,-3.603283,0.390900,0.957903,0.762953,2.500000,-0.299947,0.180000
2.380000,0.597107,0.020922,-9.477997,-3.598154,0.254231,-0.446605,0.562763,2.500000,-0.299575,0.180000
2.400000,0.597567,0.024624,-9.550143,-3.621149,0.116744,-1.851313,0.351022,2.500000,-0.297646,0.180000
2.420000,0.598074,0.025662,-9.623029,-3.672079,-0.010205,-3.236895,0.129803,2.500000,-0.294124,0.180000
2.440000,0.598577,0.024362,-9.697209,-3.750370,-0.115156,-4.584203,-0.098728,2.500000,-0.288936,0.180000
2.460000,0.599036,0.021279,-9.773220,-3.855069,-0.186634,-5.874814,-0.332327,2.500000,-0.281972,0.180000
2.480000,0.599422,0.017195,-9.851579,-3.984872,-0.213369,-7.091979,-0.568698,2.500000,-0.273088,0.180000
2.500000,0.599724,0.013114,-9.932772,-4.138166,-0.184683,-8.221993,-0.805513,2.500000,-0.262117,0.180000
2.520000,0.599954,0.010241,-10.017250,-4.313109,-0.091000,-9.255879,-1.040435,2.500000,-0.248869,0.180000
2.540000,0.600151,0.009960,-10.105428,-4.507742,0.075584,-10.191120,-1.271139,2.500000,-0.233149,0.180000
2.560000,0.600380,0.013789,-10.197678,-4.720130,0.320767,-11.033084,-1.495333,2.500000,-0.214767,0.180000
2.580000,0.600741,0.023336,-10.294339,-4.948535,0.647663,-11.795742,-1.710782,2.500000,-0.193548,0.180000
2.600000,0.601363,0.040244,-10.395717,-5.191578,1.056628,-12.501401,-1.915330,2.500000,-0.169357,0.180000
2.620000,0.602410,0.066133,-10.502094,-5.448404,1.545285,-13.179292,-2.106916,2.500000,-0.142108,0.180000
2.640000,0.604078,0.102553,-10.613743,-5.718789,2.108599,-13.863028,-2.283599,2.500000,-0.111786,0.180000
2.660000,0.606592,0.150923,-10.730939,-6.003193,2.738785,-14.586910,-2.443574,2.500000,-0.078467,0.180000
2.680000,0.610203,0.212478,-10.853972,-6.302736,3.424668,-15.380819,-2.585187,2.500000,-0.042339,0.180000
2.700000,0.615185,0.288174,-10.983160,-6.619016,4.149951,-16.262879,-2.706959,2.500000,-0.003724,0.180000
2.720000,0.621828,0.378576,-11.118856,-6.953815,4.889814,-17.228077,-2.807589,2.500000,0.036891,0.180000
2.740000,0.630426,0.483606,-11.261445,-7.308402,5.604722,-18.229924,-2.885979,2.500000,0.078825,0.180000
2.760000,0.641263,0.602175,-11.411323,-7.682479,6.230809,-19.151324,-2.941234,2.500000,0.121162,0.180000
2.780000,0.654587,0.731590,-11.568853,-8.072445,6.666784,-19.762735,-2.972679,2.500000,0.162717,0.180000
2.800000,0.670565,0.866583,-11.734262,-8.468388,6.760345,-19.674857,-2.979864,2.500000,0.201995,0.180000
2.820000,0.689229,0.998366,-11.907502,-8.851016,6.309005,-18.323902,-2.962564,2.500000,0.237206,0.180000
2.840000,0.710392,1.113888,-12.088006,-9.188663,5.101505,-15.074454,-2.920791,2.500000,0.266325,0.180000
2.860000,0.733566,1.196611,-12.274463,-9.438604,3.031391,-9.543785,-2.854787,2.500000,0.287309,0.180000
2.880000,0.757929,1.230354,-12.464672,-9.557306,0.255530,-2.083588,-2.765026,2.500000,0.298450,0.180000
2.900000,0.782385,1.205271,-12.655691,-9.517547,-2.750569,6.024461,-2.652211,2.500000,0.298804,0.180000
2.920000,0.805754,1.122875,-12.844336,-9.323264,-5.382212,13.112469,-2.517265,2.500000,0.288485,0.180000
2.940000,0.826998,0.995357,-13.027810,-9.007589,-7.219376,18.053495,-2.361327,2.500000,0.268624,0.180000
2.960000,0.845384,0.840043,-13.204140,-8.616705,-8.172833,20.678643,-2.185741,2.500000,0.241028,0.180000
2.980000,0.860525,0.673352,-13.372260,-8.192628,-8.392618,21.481713,-1.992043,2.500000,0.207741,0.180000
3.000000,0.872326,0.507710,-13.531825,-7.765094,-8.105686,21.132206,-1.781949,2.500000,0.170713,0.180000
3.020000,0.880895,0.351148,-13.682957,-7.351271,-7.513170,20.186278,-1.557339,2.500000,0.131626,0.180000
3.040000,0.886463,0.208250,-13.826021,-6.959121,-6.759097,19.013752,-1.320240,2.500000,0.091845,0.180000
3.060000,0.889331,0.081239,-13.961481,-6.590789,-5.935415,17.827343,-1.072807,2.500000,0.052435,0.180000
3.080000,0.889824,-0.029077,-14.089806,-6.245390,-5.097330,16.733871,-0.817308,2.500000,0.014203,0.180000
3.100000,0.888279,-0.122772,-14.211434,-5.920525,-4.276691,15.776058,-0.556096,2.500000,-0.022260,0.180000
3.120000,0.885021,-0.200386,-14.326746,-5.613392,-3.491808,14.960379,-0.291593,2.500000,-0.056534,0.180000
3.140000,0.880365,-0.262754,-14.436069,-5.321249,-2.753344,14.273746,-0.026267,2.500000,-0.088341,0.180000
3.160000,0.874606,-0.310874,-14.539680,-5.041734,-2.067865,13.693223,0.237392,2.500000,-0.117519,0.180000
3.180000,0.868018,-0.345851,-14.637810,-4.772992,-1.439684,13.191706,0.496896,2.500000,-0.143997,0.180000
3.200000,0.860851,-0.368863,-14.730662,-4.513724,-0.871746,12.741445,0.749779,2.500000,-0.167779,0.180000
3.220000,0.853335,-0.381135,-14.818417,-4.263169,-0.365915,12.316387,0.993622,2.500000,-0.188929,0.180000
3.240000,0.845669,-0.383919,-14.901245,-4.021052,0.077001,11.893824,1.226076,2.500000,-0.207562,0.180000
3.260000,0.838033,-0.378472,-14.979316,-3.787520,0.457315,11.455475,1.444883,2.500000,-0.223823,0.180000
3.280000,0.830577,-0.366035,-15.052806,-3.563032,0.776519,10.988028,1.647897,2.500000,-0.237886,0.180000
3.300000,0.823430,-0.347802,-15.121902,-3.348251,1.037238,10.483167,1.833106,2.500000,-0.249938,0.180000
3.320000,0.816696,-0.324911,-15.186806,-3.143977,1.243041,9.937098,1.998650,2.500000,-0.260173,0.180000
3.340000,0.810457,-0.298418,-15.247737,-2.951043,1.398213,9.349751,2.142840,2.500000,-0.268786,0.180000
3.360000,0.804777,-0.269289,-15.304929,-2.770246,1.507451,8.723767,2.264175,2.500000,-0.275963,0.180000
3.380000,0.799698,-0.238394,-15.358633,-2.602321,1.575567,8.063440,2.361352,2.500000,-0.281881,0.180000
3.400000,0.795248,-0.206509,-15.409112,-2.447904,1.607241,7.373810,2.433287,2.500000,-0.286703,0.180000
3.420000,0.791439,-0.174318,-15.456642,-2.307530,1.606829,6.659893,2.479120,2.500000,-0.290575,0.180000
3.440000,0.788273,-0.142423,-15.501510,-2.181640,1.578245,5.926136,2.498225,2.500000,-0.293629,0.180000
3.460000,0.785737,-0.111353,-15.544007,-2.070593,1.524919,5.176138,2.490219,2.500000,-0.295977,0.180000
3.480000,0.783810,-0.081572,-15.584434,-1.974686,1.449794,4.412478,2.454968,2.500000,-0.297714,0.180000
3.500000,0.782463,-0.053490,-15.623097,-1.894174,1.355375,3.636725,2.392585,2.500000,-0.298920,0.180000
3.520000,0.781657,-0.027471,-15.660305,-1.829292,1.243802,2.849560,2.303433,2.500000,-0.299659,0.180000
3.540000,0.781348,-0.003840,-15.696374,-1.780268,1.116934,2.050905,2.188124,2.500000,-0.299980,0.180000
3.560000,0.781485,0.017116,-15.731624,-1.747337,0.976450,1.240152,2.047513,2.500000,-0.299916,0.180000
3.580000,0.782013,0.035138,-15.766377,-1.730749,0.823943,0.416378,1.882694,2.500000,-0.299488,0.180000
3.600000,0.782870,0.050004,-15.800964,-1.730775,0.661025,-0.421427,1.694987,2.500000,-0.298704,0.180000
3.620000,0.783991,0.061521,-15.835721,-1.747705,0.489429,-1.274088,1.485932,2.500000,-0.297555,0.180000
3.640000,0.785307,0.069536,-15.870987,-1.781841,0.311114,-2.141999,1.257274,2.500000,-0.296022,0.180000
3.660000,0.786748,0.073936,-15.907111,-1.833485,0.128378,-3.024851,1.010948,2.500000,-0.294071,0.180000
3.680000,0.788240,0.074660,-15.944445,-1.902926,-0.056033,-3.921330,0.749064,2.500000,-0.291650,0.180000
3.700000,0.789710,0.071706,-15.983348,-1.990412,-0.238803,-4.828858,0.473886,2.500000,-0.288696,0.180000
3.720000,0.791084,0.065145,-16.024183,-2.096127,-0.415937,-5.743317,0.187818,2.500000,-0.285125,0.180000
3.740000,0.792293,0.055138,-16.067315,-2.220153,-0.582664,-6.658846,-0.106625,2.500000,-0.280837,0.180000
3.760000,0.793269,0.041945,-16.113111,-2.362437,-0.733366,-7.567754,-0.406831,2.500000,-0.275713,0.180000
3.780000,0.793952,0.025953,-16.161933,-2.522756,-0.861566,-8.460578,-0.710119,2.500000,-0.269614,0.180000
3.800000,0.794292,0.007681,-16.214139,-2.700681,-0.959988,-9.326416,-1.013760,2.500000,-0.262382,0.180000
3.820000,0.794248,-0.012196,-16.270073,-2.895555,-1.020723,-10.153552,-1.315005,2.500000,-0.253840,0.180000
3.840000,0.793799,-0.032842,-16.330068,-3.106487,-1.035522,-10.930447,-1.611104,2.500000,-0.243796,0.180000
3.860000,0.792936,-0.053256,-16.394433,-3.332370,-0.996206,-11.647054,-1.899335,2.500000,-0.232047,0.180000
3.880000,0.791678,-0.072278,-16.463454,-3.571920,-0.895180,-12.296365,-2.177029,2.500000,-0.218381,0.180000
3.900000,0.790063,-0.088608,-16.537391,-3.823759,-0.725999,-12.875975,-2.441587,2.500000,-0.202589,0.180000
3.920000,0.788161,-0.100831,-16.616477,-4.086516,-0.483914,-13.389404,-2.690515,2.500000,-0.184476,0.180000
3.940000,0.786067,-0.107461,-16.700917,-4.358960,-0.166303,-13.846856,-2.921435,2.500000,-0.163866,0.180000
3.960000,0.783910,-0.106978,-16.790894,-4.640128,0.227020,-14.265173,-3.132114,2.500000,-0.140623,0.180000
3.980000,0.781845,-0.097890,-16.886576,-4.929455,0.693671,-14.666777,-3.320485,2.500000,-0.114662,0.180000
4.000000,0.780061,-0.078776,-16.988125,-5.226860,1.228581,-15.077549,-3.484660,2.500000,-0.085968,0.180000
4.020000,0.778770,-0.048344,-17.095707,-5.532793,1.823768,-15.523528,-3.622953,2.500000,-0.054610,0.180000
4.040000,0.778210,-0.005500,-17.209500,-5.848180,2.467659,-16.026181,-3.733893,2.500000,-0.020761,0.180000
4.060000,0.778638,0.050578,-17.329706,-6.174291,3.143607,-16.595596,-3.816240,2.500000,0.015277,0.180000
4.080000,0.780324,0.120296,-17.456552,-6.512379,3.826970,-17.220311,-3.868995,2.500000,0.053057,0.180000
4.100000,0.783540,0.203462,-17.590286,-6.863163,4.480346,-17.851822,-3.891411,2.500000,0.091954,0.180000
4.120000,0.788545,0.298926,-17.731157,-7.225769,5.046118,-18.381509,-3.883000,2.500000,0.131137,0.180000
4.140000,0.795563,0.404157,-17.879373,-7.596456,5.437524,-18.610253,-3.843537,2.500000,0.169545,0.180000
4.160000,0.804745,0.514451,-18.035011,-7.966096,5.530194,-18.217905,-3.773065,2.500000,0.205860,0.180000
4.180000,0.816125,0.622318,-18.197901,-8.318083,5.166239,-16.762291,-3.671895,2.500000,0.238524,0.180000
4.200000,0.829551,0.716985,-18.367444,-8.626268,4.187371,-13.764178,-3.540604,2.500000,0.265805,0.180000
4.220000,0.844628,0.785150,-18.542431,-8.856348,2.516096,-8.940186,-3.380029,2.500000,0.285962,0.180000
4.240000,0.860692,0.813702,-18.720941,-8.973160,0.264334,-2.533985,-3.191263,2.500000,0.297522,0.180000
4.260000,0.876853,0.794130,-18.900440,-8.953239,-2.222531,4.531019,-2.975643,2.500000,0.299612,0.180000
4.280000,0.892134,0.726346,-19.078149,-8.796096,-4.481085,10.979228,-2.734743,2.500000,0.292196,0.180000
4.300000,0.905642,0.618889,-19.251521,-8.524908,-6.147761,15.826152,-2.470356,2.500000,0.276088,0.180000
4.320000,0.916715,0.485292,-19.418627,-8.175882,-7.093502,18.769493,-2.184483,2.500000,0.252721,0.180000
4.340000,0.924972,0.339480,-19.578280,-7.785067,-7.392424,20.079315,-1.879313,2.500000,0.223807,0.180000
4.360000,0.930289,0.192800,-19.729939,-7.380233,-7.210369,20.258846,-1.557204,2.500000,0.191057,0.180000
4.380000,0.932732,0.053143,-19.873515,-6.979033,-6.715355,19.785578,-1.220664,2.500000,0.155996,0.180000
4.400000,0.932495,-0.074614,-20.009188,-6.590798,-6.038867,19.009987,-0.872329,2.500000,0.119903,0.180000
4.420000,0.929845,-0.187810,-20.137259,-6.219154,-5.271057,18.153121,-0.514939,2.500000,0.083798,0.180000
4.440000,0.925087,-0.285232,-20.258067,-5.864385,-4.469400,17.338736,-0.151314,2.500000,0.048472,0.180000
4.460000,0.918543,-0.366598,-20.371936,-5.524914,-3.668963,16.626786,0.215669,2.500000,0.014519,0.180000
4.480000,0.910529,-0.432147,-20.479150,-5.198470,-2.890946,16.038606,0.583105,2.500000,-0.017629,0.180000
4.500000,0.901358,-0.482470,-20.579945,-4.882551,-2.148149,15.573266,0.948081,2.500000,-0.047675,0.180000
4.520000,0.891327,-0.518361,-20.674507,-4.574808,-1.448564,15.217764,1.307709,2.500000,-0.075428,0.180000
4.540000,0.880714,-0.540736,-20.762978,-4.273233,-0.797396,14.953177,1.659144,2.500000,-0.100788,0.180000
4.560000,0.869781,-0.550601,-20.845466,-3.976211,-0.198100,14.758544,1.999616,2.500000,-0.123727,0.180000
4.580000,0.858766,-0.549020,-20.922049,-3.682560,0.347105,14.613366,2.326449,2.500000,-0.144274,0.180000
4.600000,0.847889,-0.537087,-20.992785,-3.391476,0.837089,14.499296,2.637087,2.500000,-0.162504,0.180000
4.620000,0.837344,-0.515906,-21.057722,-3.102484,1.271771,14.401252,2.929119,2.500000,-0.178525,0.180000
4.640000,0.827307,-0.486578,-21.116898,-2.815387,1.652066,14.308013,3.200296,2.500000,-0.192471,0.180000
4.660000,0.817928,-0.450174,-21.170350,-2.530180,1.979845,14.212364,3.448553,2.500000,-0.204491,0.180000
4.680000,0.809340,-0.407717,-21.218118,-2.246940,2.257807,14.110887,3.672028,2.500000,-0.214739,0.180000
4.700000,0.801654,-0.360172,-21.260242,-1.965786,2.489260,14.003409,3.869079,2.500000,-0.223371,0.180000
4.720000,0.794961,-0.308432,-21.296764,-1.686825,2.677879,13.892254,4.038294,2.500000,-0.230534,0.180000
4.740000,0.789339,-0.253317,-21.327730,-1.410093,2.827463,13.781452,4.178509,2.500000,-0.236367,0.180000
4.760000,0.784846,-0.195569,-21.353182,-1.135533,2.941693,13.675935,4.288816,2.500000,-0.240993,0.180000
4.780000,0.781529,-0.135862,-21.373164,-0.862987,3.023931,13.580832,4.368570,2.500000,-0.244514,0.180000
4.800000,0.779421,-0.074806,-21.387713,-0.592198,3.077059,13.500910,4.417393,2.500000,-0.247017,0.180000
4.820000,0.778542,-0.012958,-21.396862,-0.322822,3.103367,13.440143,4.435183,2.500000,-0.248564,0.180000
4.840000,0.778904,0.049161,-21.400633,-0.054445,3.104477,13.401416,4.422108,2.500000,-0.249196,0.180000
4.860000,0.780507,0.111059,-21.399043,0.213393,3.081301,13.386360,4.378606,2.500000,-0.248930,0.180000
4.880000,0.783342,0.172253,-21.392098,0.481169,3.034021,13.395277,4.305384,2.500000,-0.247761,0.180000
4.900000,0.787389,0.232256,-21.379793,0.749357,2.962099,13.427163,4.203405,2.500000,-0.245661,0.180000
4.920000,0.792621,0.290564,-21.362118,1.018395,2.864301,13.479822,4.073886,2.500000,-0.242579,0.180000
4.940000,0.798997,0.346643,-21.339049,1.288668,2.738749,13.550081,3.918278,2.500000,-0.238443,0.180000
4.960000,0.806468,0.399913,-21.310561,1.560490,2.583003,13.634102,3.738260,2.500000,-0.233161,0.180000
4.980000,0.814971,0.449743,-21.276618,1.834097,2.394180,13.727825,3.535720,2.500000,-0.226620,0.180000
5.000000,0.824430,0.495439,-21.237184,2.109643,2.169104,13.827528,3.312736,2.500000,-0.218694,0.180000
5.020000,0.834756,0.536243,-21.192219,2.387218,1.904502,13.930477,3.071559,2.500000,-0.209242,0.180000
5.040000,0.845842,0.571334,-21.141681,2.666876,1.597210,14.035637,2.814589,2.500000,-0.198115,0.180000
5.060000,0.857565,0.599829,-21.085529,2.948671,1.244406,14.144380,2.544357,2.500000,-0.185160,0.180000
5.080000,0.869785,0.620791,-21.023720,3.232702,0.843822,14.261074,2.263498,2.500000,-0.170226,0.180000
5.100000,0.882340,0.633252,-20.956205,3.519212,0.393893,14.393465,1.974726,2.500000,-0.153172,0.180000
5.120000,0.895051,0.636214,-20.882932,3.808621,-0.106095,14.552778,1.680811,2.500000,-0.133877,0.180000
5.140000,0.907719,0.628676,-20.803836,4.101601,-0.655920,14.753422,1.384551,2.500000,-0.112246,0.180000
5.160000,0.920122,0.609652,-20.718838,4.399145,-1.254349,15.012268,1.088749,2.500000,-0.088222,0.180000
5.180000,0.932022,0.578194,-20.627831,4.702600,-1.898971,15.347388,0.796182,2.500000,-0.061798,0.180000
5.200000,0.943161,0.533414,-20.530683,5.013661,-2.585796,15.776066,0.509580,2.500000,-0.033032,0.180000
5.220000,0.953264,0.474520,-20.427220,5.334362,-3.308487,16.311743,0.231598,2.500000,-0.002060,0.180000
5.240000,0.962043,0.400900,-20.317229,5.666884,-4.056734,16.959143,-0.035210,2.500000,0.030882,0.180000
5.260000,0.969200,0.312196,-20.200452,6.013383,-4.813642,17.706297,-0.288411,2.500000,0.065440,0.180000
5.280000,0.974431,0.208475,-20.076589,6.375546,-5.551303,18.511694,-0.525720,2.500000,0.101110,0.180000
5.300000,0.977444,0.090571,-19.945323,6.753651,-6.223777,19.283941,-0.745018,2.500000,0.137209,0.180000
5.320000,0.977972,-0.039558,-19.806350,7.145553,-6.758300,19.853234,-0.944373,2.500000,0.172843,0.180000
5.340000,0.975804,-0.178129,-19.659451,7.544606,-7.045457,19.938190,-1.122060,2.500000,0.206872,0.180000
5.360000,0.970832,-0.318745,-19.504608,7.937153,-6.936337,19.128140,-1.276572,2.500000,0.237905,0.180000
5.380000,0.963104,-0.451803,-19.342158,8.300435,-6.262536,16.928838,-1.406641,2.500000,0.264332,0.180000
5.400000,0.952895,-0.564616,-19.172998,8.602280,-4.898870,12.937971,-1.511243,2.500000,0.284444,0.180000
5.420000,0.940748,-0.643256,-18.998724,8.805863,-2.868022,7.156820,-1.589614,2.500000,0.296669,0.180000
5.440000,0.927469,-0.676519,-18.821626,8.880880,-0.421696,0.245957,-1.641249,2.500000,0.299883,0.180000
5.460000,0.914020,-0.660223,-18.644427,8.816069,2.010033,-6.610211,-1.665917,2.500000,0.293710,0.180000
5.480000,0.901360,-0.599041,-18.469831,8.624598,4.010437,-12.268304,-1.663653,2.500000,0.278630,0.180000
5.500000,0.890283,-0.504234,-18.300082,8.337341,5.354972,-16.149793,-1.634765,2.500000,0.255840,0.180000
5.520000,0.881325,-0.389266,-18.136736,7.990169,6.040308,-18.308437,-1.579825,2.500000,0.226956,0.180000
5.540000,0.874766,-0.266157,-17.980668,7.613773,6.196054,-19.152785,-1.499670,2.500000,0.193703,0.180000
5.560000,0.870673,-0.143858,-17.832234,7.229661,5.985712,-19.152943,-1.395388,2.500000,0.157694,0.180000
5.580000,0.868967,-0.028215,-17.691446,6.850729,5.551188,-18.688070,-1.268310,2.500000,0.120321,0.180000
5.600000,0.869477,0.077398,-17.558126,6.483520,4.996784,-18.012527,-1.119999,2.500000,0.082724,0.180000
5.620000,0.871984,0.171331,-17.432009,6.130619,4.392852,-17.276000,-0.952230,2.500000,0.045795,0.180000
5.640000,0.876249,0.253088,-17.312803,5.792363,3.784671,-16.555226,-0.766980,2.500000,0.010211,0.180000
5.660000,0.882028,0.322883,-17.200221,5.468091,3.200863,-15.881047,-0.566402,2.500000,-0.023537,0.180000
5.680000,0.889089,0.381404,-17.093993,5.156784,2.659285,-15.257452,-0.352810,2.500000,-0.055115,0.180000
5.700000,0.897215,0.429612,-16.993870,4.857522,2.170973,-14.674049,-0.128652,2.500000,-0.084315,0.180000
5.720000,0.906212,0.468641,-16.899616,4.569663,1.742391,-14.114021,0.103509,2.500000,-0.111037,0.180000
5.740000,0.915908,0.499727,-16.811009,4.292927,1.376740,-13.559189,0.341025,2.500000,-0.135264,0.180000
5.760000,0.926157,0.524137,-16.727825,4.027375,1.074643,-12.993187,0.581183,2.500000,-0.157045,0.180000
5.780000,0.936837,0.543127,-16.649837,3.773358,0.834575,-12.403359,0.821234,2.500000,-0.176482,0.180000
5.800000,0.947854,0.557910,-16.576810,3.531451,0.653201,-11.781647,1.058422,2.500000,-0.193712,0.180000
5.820000,0.959133,0.569615,-16.508494,3.302332,0.525678,-11.124744,1.290005,2.500000,-0.208898,0.180000
5.840000,0.970625,0.579257,-16.444627,3.086692,0.446019,-10.433642,1.513288,2.500000,-0.222214,0.180000
5.860000,0.982296,0.587730,-16.384932,2.885182,0.407505,-9.712781,1.725644,2.500000,-0.233843,0.180000
5.880000,0.994131,0.595784,-16.329121,2.698333,0.403063,-8.969042,1.924545,2.500000,-0.243961,0.180000
5.900000,1.006129,0.604032,-16.276899,2.526518,0.425625,-8.210693,2.107581,2.500000,-0.252743,0.180000
5.920000,1.018297,0.612944,-16.227959,2.369945,0.468431,-7.446412,2.272490,2.500000,-0.260346,0.180000
5.940000,1.030653,0.622862,-16.181999,2.228645,0.525244,-6.684577,2.417174,2.500000,-0.266920,0.180000
5.960000,1.043220,0.634009,-16.138713,2.102494,0.590490,-5.932720,2.539727,2.500000,-0.272596,0.180000
5.980000,1.056022,0.646506,-16.097800,1.991228,0.659333,-5.197170,2.638450,2.500000,-0.277491,0.180000
6.000000,1.069089,0.660379,-16.058967,1.894465,0.727680,-4.482933,2.711867,2.500000,-0.281708,0.180000
6.020000,1.082447,0.675586,-16.021928,1.811743,0.792156,-3.793677,2.758745,2.500000,-0.285335,0.180000
6.040000,1.096121,0.692022,-15.986407,1.742536,0.850055,-3.131764,2.778103,2.500000,-0.288445,0.180000
6.060000,1.110135,0.709531,-15.952140,1.686282,0.899268,-2.498410,2.769226,2.500000,-0.291101,0.180000
6.080000,1.124508,0.727923,-15.918873,1.642406,0.938210,-1.893834,2.731670,2.500000,-0.293352,0.180000
6.100000,1.139256,0.746983,-15.886365,1.610341,0.965753,-1.317378,2.665270,2.500000,-0.295239,0.180000
6.120000,1.154390,0.766473,-15.854384,1.589533,0.981156,-0.767678,2.570141,2.500000,-0.296790,0.180000
6.140000,1.169916,0.786145,-15.822712,1.579467,0.984004,-0.242806,2.446680,2.500000,-0.298027,0.180000
6.160000,1.185835,0.805748,-15.791137,1.579672,0.974153,0.259644,2.295565,2.500000,-0.298963,0.180000
6.180000,1.202144,0.825027,-15.759459,1.589723,0.951684,0.742449,2.117746,2.500000,-0.299602,0.180000
6.200000,1.218833,0.843733,-15.727485,1.609258,0.916851,1.208634,1.914442,2.500000,-0.299943,0.180000
6.220000,1.235888,0.861621,-15.695028,1.637979,0.870041,1.661433,1.687126,2.500000,-0.299975,0.180000
6.240000,1.253290,0.878458,-15.661907,1.675649,0.811732,2.104213,1.437517,2.500000,-0.299682,0.180000
6.260000,1.271018,0.894017,-15.627943,1.722103,0.742450,2.540390,1.167564,2.500000,-0.299040,0.180000
6.280000,1.289041,0.908086,-15.592964,1.777243,0.662722,2.973335,0.879426,2.500000,-0.298018,0.180000
6.300000,1.307330,0.920460,-15.556796,1.841038,0.573032,3.406343,0.575456,2.500000,-0.296579,0.180000
6.320000,1.325847,0.930944,-15.519265,1.913520,0.473771,3.842540,0.258179,2.500000,-0.294675,0.180000
6.340000,1.344554,0.939349,-15.480197,1.994780,0.365181,4.284784,-0.069734,2.500000,-0.292252,0.180000
6.360000,1.363406,0.945489,-15.439414,2.084968,0.247297,4.735578,-0.405482,2.500000,-0.289247,0.180000
6.380000,1.382357,0.949178,-15.396737,2.184276,0.119890,5.197011,-0.746172,2.500000,-0.285588,0.180000
6.400000,1.401355,0.950218,-15.351981,2.292931,-0.017592,5.670677,-1.088832,2.500000,-0.281191,0.180000
6.420000,1.420346,0.948400,-15.304956,2.411191,-0.166075,6.157632,-1.430451,2.500000,-0.275966,0.180000
6.440000,1.439271,0.943493,-15.255467,2.539328,-0.326912,6.658390,-1.767997,2.500000,-0.269808,0.180000
6.460000,1.458064,0.935231,-15.203315,2.677620,-0.501903,7.172985,-2.098452,2.500000,-0.262603,0.180000
6.480000,1.476656,0.923307,-15.148293,2.826339,-0.693316,7.701096,-2.418837,2.500000,-0.254229,0.180000
6.500000,1.494969,0.907370,-15.090190,2.985751,-0.903865,8.242260,-2.726240,2.500000,-0.244551,0.180000
6.520000,1.512921,0.887005,-15.028790,3.156113,-1.136672,8.796191,-3.017845,2.500000,-0.233428,0.180000
6.540000,1.530417,0.861732,-14.963871,3.337686,-1.395193,9.363177,-3.290959,2.500000,-0.220711,0.180000
6.560000,1.547354,0.831001,-14.895206,3.530739,-1.683114,9.944568,-3.543034,2.500000,-0.206250,0.180000
6.580000,1.563616,0.794186,-14.822563,3.735583,-2.004222,10.543269,-3.771698,2.500000,-0.189894,0.180000
6.600000,1.579076,0.750586,-14.745702,3.952614,-2.362273,11.164236,-3.974770,2.500000,-0.171500,0.180000
6.620000,1.593589,0.699426,-14.664374,4.182350,-2.760827,11.814877,-4.150288,2.500000,-0.150936,0.180000
6.640000,1.606997,0.639863,-14.578318,4.425477,-3.203046,12.505264,-4.296525,2.500000,-0.128094,0.180000
6.660000,1.619122,0.570995,-14.487259,4.682909,-3.691466,13.248031,-4.412006,2.500000,-0.102895,0.180000
6.680000,1.629769,0.491885,-14.390899,4.955843,-4.227640,14.057822,-4.495524,2.500000,-0.075305,0.180000
6.700000,1.638723,0.401573,-14.288912,5.245770,-4.811501,14.949911,-4.546153,2.500000,-0.045349,0.180000
6.720000,1.645751,0.299123,-14.180943,5.554480,-5.440331,15.937538,-4.563255,2.500000,-0.013129,0.180000
6.740000,1.650601,0.183706,-14.066595,5.883954,-6.106841,17.026994,-4.546492,2.500000,0.021154,0.180000
6.760000,1.653008,0.054696,-13.945433,6.236181,-6.795995,18.208816,-4.495824,2.500000,0.057168,0.180000
6.780000,1.652697,-0.088101,-13.816986,6.612664,-7.479530,19.442562,-4.411517,2.500000,0.094422,0.180000
6.800000,1.649396,-0.244122,-13.680762,7.013608,-8.107484,20.631726,-4.294140,2.500000,0.132217,0.180000
6.820000,1.642856,-0.411481,-13.536295,7.436398,-8.595943,21.585881,-4.144559,2.500000,0.169609,0.180000
6.840000,1.632887,-0.586163,-13.383211,7.873300,-8.813258,21.973800,-3.963931,2.500000,0.205358,0.180000
6.860000,1.619407,-0.760975,-13.221372,8.308256,-8.573562,21.291837,-3.753699,2.500000,0.237914,0.180000
6.880000,1.602521,-0.924610,-13.051074,8.713673,-7.659901,18.914189,-3.515572,2.500000,0.265444,0.180000
6.900000,1.582600,-1.061741,-12.873286,9.049968,-5.908868,14.327562,-3.251518,2.500000,0.285981,0.180000
6.920000,1.560341,-1.155548,-12.689839,9.272053,-3.357047,7.566075,-2.963742,2.500000,0.297716,0.180000
6.940000,1.536756,-1.192927,-12.503410,9.344096,-0.348943,-0.448313,-2.654672,2.500000,0.299406,0.180000
6.960000,1.513028,-1.170227,-12.317150,9.256210,2.553754,-8.157472,-2.326930,2.500000,0.290731,0.180000
6.980000,1.490300,-1.094875,-12.134094,9.029158,4.851551,-14.191784,-1.983315,2.500000,0.272404,0.180000
7.000000,1.469485,-0.981713,-11.956640,8.703506,6.326116,-18.006380,-1.626778,2.500000,0.245941,0.180000
7.020000,1.451174,-0.846982,-11.786322,8.322249,7.032979,-19.831849,-1.260390,2.500000,0.213264,0.180000
7.040000,1.435658,-0.704247,-11.623890,7.919651,7.162018,-20.243642,-0.887322,2.500000,0.176335,0.180000
7.060000,1.422994,-0.562994,-11.469527,7.518112,6.915550,-19.808266,-0.510811,2.500000,0.136922,0.180000
7.080000,1.413089,-0.429049,-11.323073,7.130165,6.453953,-18.941129,-0.134132,2.500000,0.096503,0.180000
7.100000,1.405762,-0.305525,-11.184190,6.761601,5.887527,-17.899875,0.239431,2.500000,0.056250,0.180000
7.120000,1.400789,-0.193771,-11.052466,6.414381,5.286772,-16.824569,0.606614,2.500000,0.017058,0.180000
7.140000,1.397931,-0.093992,-10.927473,6.088407,4.694761,-15.779648,0.964206,2.500000,-0.020415,0.180000
7.160000,1.396952,-0.005745,-10.808794,5.782847,4.137326,-14.785151,1.309074,2.500000,-0.055709,0.180000
7.180000,1.397630,0.071831,-10.696030,5.496693,3.629500,-13.836935,1.638196,2.500000,-0.088525,0.180000
7.200000,1.399762,0.139822,-10.588802,5.229166,3.179657,-12.919181,1.948684,2.500000,-0.118694,0.180000
7.220000,1.403167,0.199431,-10.486742,4.979855,2.791793,-12.011944,2.237815,2.500000,-0.146147,0.180000
7.240000,1.407691,0.251914,-10.389487,4.748749,2.466807,-11.095732,2.503054,2.500000,-0.170897,0.180000
7.260000,1.413205,0.298514,-10.296669,4.536196,2.203195,-10.154200,2.742078,2.500000,-0.193014,0.180000
7.280000,1.419601,0.340427,-10.207911,4.342827,1.997489,-9.175586,2.952795,2.500000,-0.212612,0.180000
7.300000,1.426798,0.378766,-10.122822,4.169466,1.844605,-8.153221,3.133369,2.500000,-0.229830,0.180000
7.320000,1.434734,0.414522,-10.040993,4.017005,1.738148,-7.085400,3.282230,2.500000,-0.244822,0.180000
7.340000,1.443367,0.448552,-9.961997,3.886335,1.670776,-5.974714,3.398094,2.500000,-0.257741,0.180000
7.360000,1.452670,0.481560,-9.885388,3.778262,1.634531,-4.827191,3.479975,2.500000,-0.268734,0.180000
7.380000,1.462626,0.514086,-9.810711,3.693437,1.621137,-3.651361,3.527189,2.500000,-0.277934,0.180000
7.400000,1.473232,0.546502,-9.737493,3.632328,1.622245,-2.457354,3.539368,2.500000,-0.285451,0.180000
7.420000,1.484487,0.579017,-9.665258,3.595190,1.629583,-1.256240,3.516458,2.500000,-0.291367,0.180000
7.440000,1.496394,0.611673,-9.593525,3.582049,1.635032,-0.059593,3.458721,2.500000,-0.295739,0.180000
7.460000,1.508954,0.644352,-9.521817,3.592698,1.630628,1.120820,3.366735,2.500000,-0.298589,0.180000
7.480000,1.522166,0.676780,-9.449662,3.626696,1.608531,2.273246,3.241387,2.500000,-0.299907,0.180000
7.500000,1.536021,0.708524,-9.376598,3.683364,1.560994,3.386076,3.083865,2.500000,-0.299652,0.180000
7.520000,1.550499,0.738999,-9.302182,3.761801,1.480373,4.448197,2.895648,2.500000,-0.297748,0.180000
7.540000,1.565568,0.767469,-9.225989,3.860890,1.359218,5.449591,2.678494,2.500000,-0.294092,0.180000
7.560000,1.581178,0.793050,-9.147617,3.979326,1.190454,6.382149,2.434421,2.500000,-0.288551,0.180000
7.580000,1.597264,0.814726,-9.066696,4.115677,0.967655,7.240786,2.165690,2.500000,-0.280971,0.180000
7.600000,1.613734,0.831360,-8.982881,4.268459,0.685367,8.024714,1.874785,2.500000,-0.271183,0.180000
7.620000,1.630476,0.841718,-8.895858,4.436207,0.339438,8.738657,1.564389,2.500000,-0.259006,0.180000
7.640000,1.647352,0.844495,-8.805342,4.617608,-0.072755,9.393691,1.237360,2.500000,-0.244262,0.180000
7.660000,1.664197,0.838357,-8.711070,4.811672,-0.552267,10.007589,0.896707,2.500000,-0.226782,0.180000
7.680000,1.680818,0.821959,-8.612794,5.017801,-1.098682,10.604501,0.545556,2.500000,-0.206418,0.180000
7.700000,1.696998,0.793975,-8.510277,5.235938,-1.710409,11.213969,0.187130,2.500000,-0.183056,0.180000
7.720000,1.712491,0.753123,-8.403273,5.466665,-2.385085,11.869469,-0.175290,2.500000,-0.156625,0.180000
7.740000,1.727029,0.698172,-8.291518,5.711259,-3.119860,12.606608,-0.538385,2.500000,-0.127113,0.180000
7.760000,1.740316,0.627950,-8.174717,5.971712,-3.911412,13.460994,-0.898838,2.500000,-0.094579,0.180000
7.780000,1.752037,0.541363,-8.052527,6.250705,-4.755407,14.465510,-1.253360,2.500000,-0.059173,0.180000
7.800000,1.761855,0.437430,-7.924544,6.551506,-5.644966,15.645995,-1.598720,2.500000,-0.021151,0.180000
7.820000,1.769413,0.315342,-7.790296,6.877798,-6.567628,17.013486,-1.931776,2.500000,0.019093,0.180000
7.840000,1.774345,0.174658,-7.649238,7.233185,-7.499520,18.549791,-2.249503,2.500000,0.060995,0.180000
7.860000,1.776277,0.015591,-7.500756,7.620444,-8.395661,20.181044,-2.549021,2.500000,0.103778,0.180000
7.880000,1.774855,-0.160396,-7.344204,8.039927,-9.174259,21.732618,-2.827624,2.500000,0.146395,0.180000
7.900000,1.769772,-0.349683,-7.178973,8.486996,-9.695525,22.862426,-3.082800,2.500000,0.187471,0.180000
7.920000,1.760826,-0.545074,-7.004630,8.947813,-9.741880,22.989875,-3.312260,2.500000,0.225256,0.180000
7.940000,1.748008,-0.734274,-6.821150,9.394449,-9.026824,21.297256,-3.513952,2.500000,0.257626,0.180000
7.960000,1.731615,-0.899255,-6.629242,9.782009,-7.284534,16.966922,-3.686086,2.500000,0.282215,0.180000
7.980000,1.712345,-1.018431,-6.430645,10.053775,-4.473505,9.777161,-3.827148,2.500000,0.296744,0.180000
8.000000,1.691308,-1.073558,-6.228200,10.160458,-0.981605,0.734982,-3.935911,2.500000,0.299547,0.180000
8.020000,1.669876,-1.058126,-6.025454,10.084513,2.447204,-8.111372,-4.011452,2.500000,0.290091,0.180000
8.040000,1.649398,-0.980801,-5.825881,9.850165,5.121389,-14.877608,-4.053154,2.500000,0.269174,0.180000
8.060000,1.630932,-0.860336,-5.632164,9.508259,6.750133,-18.857244,-4.060715,2.500000,0.238640,0.180000
8.080000,1.615135,-0.717163,-5.445910,9.111977,7.429038,-20.434571,-4.034149,2.500000,0.200847,0.180000
8.100000,1.602286,-0.567740,-5.267776,8.701493,7.422487,-20.415323,-3.973786,2.500000,0.158182,0.180000
8.120000,1.592392,-0.423076,-5.097780,8.301070,6.991370,-19.531097,-3.880267,2.500000,0.112777,0.180000
8.140000,1.585288,-0.289612,-4.935585,7.922656,6.329094,-18.279321,-3.754542,2.500000,0.066404,0.180000
8.160000,1.580711,-0.170607,-4.780699,7.570418,5.560956,-16.944489,-3.597852,2.500000,0.020477,0.180000
8.180000,1.578358,-0.067362,-4.632593,7.244482,4.763329,-15.665152,-3.411726,2.500000,-0.023914,0.180000
8.200000,1.577911,0.020036,-4.490756,6.943102,3.981857,-14.491235,-3.197959,2.500000,-0.065947,0.180000
8.220000,1.579058,0.092210,-4.354719,6.664127,3.244693,-13.422055,-2.958602,2.500000,-0.105028,0.180000
8.240000,1.581505,0.150243,-4.224054,6.405709,2.570317,-12.429133,-2.695933,2.500000,-0.140747,0.180000
8.260000,1.584983,0.195529,-4.098361,6.166735,1.971848,-11.469899,-2.412443,2.500000,-0.172849,0.180000
8.280000,1.589252,0.229688,-3.977256,5.947006,1.458845,-10.496770,-2.110809,2.500000,-0.201206,0.180000
8.300000,1.594108,0.254495,-3.860348,5.747261,1.037610,-9.464079,-1.793867,2.500000,-0.225788,0.180000
8.320000,1.599382,0.271822,-3.747222,5.569096,0.710700,-8.333895,-1.464587,2.500000,-0.246643,0.180000
8.340000,1.604943,0.283541,-3.637426,5.414731,0.476104,-7.080804,-1.126044,2.500000,-0.263872,0.180000
8.360000,1.610697,0.291429,-3.530458,5.286728,0.326661,-5.695127,-0.781388,2.500000,-0.277602,0.180000
8.380000,1.616585,0.297090,-3.425762,5.187751,0.249963,-4.183992,-0.433816,2.500000,-0.287968,0.180000
8.400000,1.622576,0.301811,-3.322735,5.120096,0.228698,-2.570588,-0.086537,2.500000,-0.295092,0.180000
8.420000,1.628658,0.306472,-3.220738,5.085391,0.241654,-0.891186,0.257254,2.500000,-0.299061,0.180000
8.440000,1.634837,0.311540,-3.119097,5.084572,0.265092,0.809490,0.594408,2.500000,-0.299924,0.180000
8.460000,1.641122,0.316978,-3.017130,5.117582,0.274288,2.483320,0.921852,2.500000,-0.297679,0.180000
8.480000,1.647515,0.322256,-2.914174,5.183417,0.245249,4.084550,1.236621,2.500000,-0.292275,0.180000
8.500000,1.654005,0.326390,-2.809587,5.280232,0.156380,5.575512,1.535880,2.500000,-0.283617,0.180000
8.520000,1.660554,0.327993,-2.702775,5.405532,-0.009990,6.931546,1.816959,2.500000,-0.271576,0.180000
8.540000,1.667096,0.325386,-2.593195,5.556531,-0.266522,8.144529,2.077369,2.500000,-0.256008,0.180000
8.560000,1.673529,0.316684,-2.480361,5.730427,-0.620272,9.224458,2.314836,2.500000,-0.236771,0.180000
8.580000,1.679710,0.299915,-2.363841,5.924800,-1.072862,10.198441,2.527314,2.500000,-0.213748,0.180000
8.600000,1.685459,0.273130,-2.243244,6.137928,-1.621227,11.107481,2.713008,2.500000,-0.186871,0.180000
8.620000,1.690556,0.234472,-2.118205,6.368999,-2.258671,12.001567,2.870392,2.500000,-0.156143,0.180000
8.640000,1.694747,0.182251,-1.988363,6.618246,-2.975817,12.933837,2.998221,2.500000,-0.121661,0.180000
8.660000,1.697746,0.114986,-1.853346,6.886942,-3.760838,13.954122,3.095544,2.500000,-0.083641,0.180000
8.680000,1.699238,0.031467,-1.712742,7.177261,-4.598347,15.101355,3.161714,2.500000,-0.042441,0.180000
8.700000,1.698890,-0.069153,-1.566092,7.491967,-5.466171,16.392673,3.196391,2.500000,0.001411,0.180000
8.720000,1.696356,-0.187150,-1.412882,7.833790,-6.328749,17.805316,3.199546,2.500000,0.047178,0.180000
8.740000,1.691292,-0.321877,-1.252548,8.204390,-7.125873,19.245166,3.171464,2.500000,0.093871,0.180000
8.760000,1.683384,-0.471074,-1.084523,8.602355,-7.754958,20.494981,3.112736,2.500000,0.140200,0.180000
8.780000,1.672384,-0.629866,-0.908317,9.020249,-8.049287,21.142986,3.024258,2.500000,0.184522,0.180000
8.800000,1.658184,-0.789197,-0.723699,9.439694,-7.762949,20.521760,2.907219,2.500000,0.224808,0.180000
8.820000,1.640908,-0.934521,-0.530942,9.826832,-6.600647,17.765319,2.763089,2.500000,0.258699,0.180000
8.840000,1.621029,-1.045887,-0.331175,10.131191,-4.348503,12.169962,2.593606,2.500000,0.283698,0.180000
8.860000,1.599444,-1.101777,-0.126632,10.295481,-1.110470,3.900875,2.400759,2.500000,0.297598,0.180000
8.880000,1.577430,-1.087480,0.079431,10.279347,2.541011,-5.519000,2.186767,2.500000,0.299054,0.180000
8.900000,1.556417,-1.002913,0.283326,10.082304,5.784835,-13.827645,1.954060,2.500000,0.288039,0.180000
8.920000,1.537685,-0.862873,0.481782,9.744604,8.028615,-19.433788,1.705253,2.500000,0.265851,0.180000
8.940000,1.522125,-0.689302,0.672563,9.324629,9.153789,-22.119843,1.443119,2.500000,0.234668,0.180000
8.960000,1.510198,-0.502750,0.854570,8.874591,9.377031,-22.593325,1.170566,2.500000,0.196963,0.180000
8.980000,1.502001,-0.318175,1.027584,8.429594,9.005116,-21.754198,0.890608,2.500000,0.155067,0.180000
9.000000,1.497395,-0.144785,1.191916,8.008434,8.294097,-20.303490,0.606329,2.500000,0.110964,0.180000
9.020000,1.496102,0.012492,1.348131,7.618595,7.416455,-18.675979,0.320862,2.500000,0.066249,0.180000
9.040000,1.497772,0.151463,1.496875,7.261009,6.475903,-17.102466,0.037354,2.500000,0.022156,0.180000
9.060000,1.502034,0.271507,1.638772,6.933426,5.531084,-15.686090,-0.241068,2.500000,-0.020377,0.180000
9.080000,1.508508,0.372895,1.774389,6.632307,4.614176,-14.457427,-0.511321,2.500000,-0.060657,0.180000
9.100000,1.516830,0.456382,1.904216,6.353931,3.743161,-13.407839,-0.770402,2.500000,-0.098183,0.180000
9.120000,1.526651,0.523001,2.028675,6.094993,2.929023,-12.507880,-1.015415,2.500000,-0.132614,0.180000
9.140000,1.537646,0.573974,2.148127,5.852885,2.179627,-11.717333,-1.243600,2.500000,-0.163737,0.180000
9.160000,1.549515,0.610662,2.262891,5.625870,1.501544,-10.991023,-1.452359,2.500000,-0.191445,0.180000
9.180000,1.561987,0.634549,2.373258,5.413119,0.900545,-10.282997,-1.639286,2.500000,-0.215721,0.180000
9.200000,1.574822,0.647230,2.479511,5.214721,0.381338,-9.550049,-1.802185,2.500000,-0.236614,0.180000
9.220000,1.587813,0.650369,2.581947,5.031538,-0.053158,-8.755061,-1.939099,2.500000,-0.254233,0.180000
9.240000,1.600784,0.645669,2.680885,4.865111,-0.402488,-7.869795,-2.048324,2.500000,-0.268721,0.180000
9.260000,1.613598,0.634822,2.776677,4.717468,-0.669205,-6.876728,-2.128427,2.500000,-0.280246,0.180000
9.280000,1.626147,0.619417,2.869723,4.590817,-0.859109,-5.769768,-2.178264,2.500000,-0.288981,0.180000
9.300000,1.638354,0.600910,2.960465,4.487404,-0.980988,-4.553510,-2.196992,2.500000,-0.295092,0.180000
9.320000,1.650171,0.580555,3.049389,4.409310,-1.046156,-3.241589,-2.184072,2.500000,-0.298726,0.180000
9.340000,1.661571,0.559355,3.137018,4.358247,-1.067822,-1.854476,-2.139284,2.500000,-0.299997,0.180000
9.360000,1.672545,0.538036,3.223907,4.335468,-1.060422,-0.417072,-2.062722,2.500000,-0.298984,0.180000
9.380000,1.683094,0.517031,3.310630,4.341719,-1.039030,1.043580,-1.954802,2.500000,-0.295724,0.180000
9.400000,1.693229,0.496466,3.397771,4.377182,-1.018844,2.500196,-1.816251,2.500000,-0.290210,0.180000
9.420000,1.702955,0.476170,3.485910,4.441525,-1.014734,3.927051,-1.648109,2.500000,-0.282392,0.180000
9.440000,1.712274,0.455677,3.575618,4.533922,-1.040807,5.301773,-1.451714,2.500000,-0.272184,0.180000
9.460000,1.721176,0.434250,3.667446,4.653133,-1.109927,6.606948,-1.228693,2.500000,-0.259469,0.180000
9.480000,1.729632,0.410915,3.761913,4.797653,-1.233264,7.831688,-0.980948,2.500000,-0.244108,0.180000
9.500000,1.737592,0.384498,3.859509,4.965843,-1.419845,8.972982,-0.710637,2.500000,-0.225953,0.180000
9.520000,1.744982,0.353658,3.960693,5.156059,-1.676153,10.036514,-0.420153,2.500000,-0.204864,0.180000
9.540000,1.751699,0.316961,4.065889,5.366877,-2.005927,11.036582,-0.112109,2.500000,-0.180719,0.180000
9.560000,1.757612,0.272925,4.175498,5.597244,-2.410052,11.995171,0.210697,2.500000,-0.153440,0.180000
9.580000,1.762558,0.220077,4.289905,5.846592,-2.886446,12.939863,0.545299,2.500000,-0.123008,0.180000
9.600000,1.766347,0.157019,4.409489,6.114945,-3.429828,13.900533,0.888594,2.500000,-0.089487,0.180000
9.620000,1.768762,0.082498,4.534634,6.402904,-4.030944,14.904449,1.237371,2.500000,-0.053046,0.180000
9.640000,1.769563,-0.004505,4.665742,6.711531,-4.674787,15.968909,1.588343,2.500000,-0.013989,0.180000
9.660000,1.768494,-0.104620,4.803241,7.042044,-5.337093,17.089599,1.938173,2.500000,0.027218,0.180000
9.680000,1.765291,-0.217853,4.947575,7.395206,-5.978150,18.221657,2.283511,2.500000,0.069907,0.180000
9.700000,1.759699,-0.343179,5.099196,7.770239,-6.532879,19.249398,2.621022,2.500000,0.113170,0.180000
9.720000,1.751500,-0.477909,5.258505,8.162986,-6.896984,19.942031,2.947420,2.500000,0.155812,0.180000
9.740000,1.740554,-0.616749,5.425766,8.563079,-6.912616,19.902411,3.259496,2.500000,0.196317,0.180000
9.760000,1.726862,-0.750678,5.600945,8.950329,-6.366983,18.545571,3.554153,2.500000,0.232849,0.180000
9.780000,1.710649,-0.866157,5.783476,9.291591,-5.033602,15.197943,3.828431,2.500000,0.263317,0.180000
9.800000,1.692454,-0.945900,5.972004,9.541971,-2.791331,9.434889,4.079539,2.500000,0.285592,0.180000
9.820000,1.673168,-0.972704,6.164234,9.654936,0.203401,1.603667,4.304880,2.500000,0.297880,0.180000
9.840000,1.653972,-0.936057,6.357082,9.601254,3.447805,-6.937778,4.502077,2.500000,0.299181,0.180000
9.860000,1.636141,-0.837509,6.547192,9.384836,6.292673,-14.390956,4.668994,2.500000,0.289606,0.180000
9.880000,1.620798,-0.690116,6.731625,9.041286,8.286820,-19.534470,4.803761,2.500000,0.270337,0.180000
9.900000,1.608738,-0.512371,6.908328,8.620205,9.339460,-22.190195,4.904786,2.500000,0.243264,0.180000
9.920000,1.600388,-0.321707,7.076220,8.166691,9.618670,-22.897961,4.970777,2.500000,0.210506,0.180000
9.940000,1.595868,-0.131121,7.234994,7.712425,9.371953,-22.379373,5.000752,2.500000,0.174063,0.180000
9.960000,1.595087,0.051119,7.384836,7.275701,8.815204,-21.226075,4.994049,2.500000,0.135637,0.180000
9.980000,1.597827,0.220445,7.526197,6.864992,8.100352,-19.825960,4.950334,2.500000,0.096584,0.180000
10.000000,1.603804,0.374716,7.659627,6.482833,7.322564,-18.399221,4.869603,2.500000,0.057940,0.180000
10.020000,1.612710,0.513305,7.785696,6.128449,6.536966,-17.055288,4.752188,2.500000,0.020470,0.180000
10.040000,1.624233,0.636355,7.904937,5.799747,5.773903,-15.838644,4.598749,2.500000,-0.015280,0.180000
10.060000,1.638065,0.744510,8.017838,5.494001,5.048785,-14.758368,4.410271,2.500000,-0.048937,0.180000
10.080000,1.653919,0.838609,8.124832,5.208558,4.368777,-13.805825,4.188056,2.500000,-0.080265,0.180000
10.100000,1.671522,0.919581,8.226300,4.941026,3.736477,-12.964407,3.933713,2.500000,-0.109133,0.180000
10.120000,1.690621,0.988386,8.322579,4.689366,3.152015,-12.214911,3.649141,2.500000,-0.135491,0.180000
10.140000,1.710983,1.045973,8.413969,4.451943,2.614245,-11.538358,3.336514,2.500000,-0.159353,0.180000
10.160000,1.732392,1.093255,8.500742,4.227466,2.121293,-10.917452,2.998261,2.500000,-0.180781,0.180000
10.180000,1.754650,1.131108,8.583148,4.014972,1.670893,-10.337307,2.637044,2.500000,-0.199874,0.180000
10.200000,1.777579,1.160358,8.661417,3.813780,1.260536,-9.785702,2.255735,2.500000,-0.216755,0.180000
10.220000,1.801012,1.181778,8.735771,3.623421,0.887546,-9.253061,1.857388,2.500000,-0.231563,0.180000
10.240000,1.824802,1.196090,8.806424,3.443582,0.549147,-8.732241,1.445213,2.500000,-0.244450,0.180000
10.260000,1.848813,1.203956,8.873583,3.274084,0.242561,-8.218185,1.022546,2.500000,-0.255570,0.180000
10.280000,1.872922,1.205986,8.937456,3.114831,-0.034928,-7.707514,0.592818,2.500000,-0.265077,0.180000
10.300000,1.897017,1.202735,8.998244,2.965777,-0.285890,-7.198073,0.159527,2.500000,-0.273122,0.180000
10.320000,1.920999,1.194711,9.056154,2.826910,-0.512674,-6.688486,-0.273800,2.500000,-0.279847,0.180000
10.340000,1.944777,1.182376,9.111389,2.698244,-0.717345,-6.177791,-0.703634,2.500000,-0.285388,0.180000
10.360000,1.968269,1.166153,9.164152,2.579810,-0.901651,-5.665151,-1.126477,2.500000,-0.289869,0.180000
10.380000,1.991400,1.146436,9.214650,2.471658,-1.067006,-5.149598,-1.538896,2.500000,-0.293401,0.180000
10.400000,2.014105,1.123592,9.263088,2.373854,-1.214499,-4.629897,-1.937554,2.500000,-0.296087,0.180000
10.420000,2.036325,1.097970,9.309674,2.286499,-1.344923,-4.104506,-2.319237,2.500000,-0.298015,0.180000
10.440000,2.058008,1.069905,9.354618,2.209724,-1.458810,-3.571543,-2.680888,2.500000,-0.299262,0.180000
10.460000,2.079107,1.039725,9.398134,2.143703,-1.556489,-3.028803,-3.019632,2.500000,-0.299894,0.180000
10.480000,2.099585,1.007752,9.440439,2.088653,-1.638146,-2.473853,-3.332803,2.500000,-0.299963,0.180000
10.500000,2.119407,0.974305,9.481755,2.044847,-1.703885,-1.904125,-3.617968,2.500000,-0.299513,0.180000
10.520000,2.138549,0.939702,9.522310,2.012605,-1.753798,-1.316983,-3.872948,2.500000,-0.298574,0.180000
10.540000,2.156990,0.904258,9.562339,1.992300,-1.788029,-0.709859,-4.095839,2.500000,-0.297166,0.180000
10.560000,2.174716,0.868284,9.602085,1.984359,-1.806851,-0.080405,-4.285027,2.500000,-0.295297,0.180000
10.580000,2.191720,0.832084,9.641799,1.989248,-1.810734,0.573404,-4.439207,2.500000,-0.292963,0.180000
10.600000,2.208000,0.795949,9.681743,2.007468,-1.800420,1.253124,-4.557386,2.500000,-0.290150,0.180000
10.620000,2.223560,0.760152,9.722190,2.039547,-1.777004,1.959672,-4.638901,2.500000,-0.286829,0.180000
10.640000,2.238410,0.724946,9.763422,2.086034,-1.742018,2.693140,-4.683415,2.500000,-0.282962,0.180000
10.660000,2.252563,0.690539,9.805731,2.147454,-1.697506,3.452667,-4.690929,2.500000,-0.278493,0.180000
10.680000,2.266038,0.657093,9.849422,2.224306,-1.646106,4.236300,-4.661771,2.500000,-0.273356,0.180000
10.700000,2.278854,0.624717,9.894809,2.317044,-1.591124,5.040855,-4.596601,2.500000,-0.267466,0.180000
10.720000,2.291034,0.593445,9.942213,2.426050,-1.536589,5.861841,-4.496398,2.500000,-0.260727,0.180000
10.740000,2.302599,0.563220,9.991961,2.551591,-1.487275,6.693520,-4.362453,2.500000,-0.253025,0.180000
10.760000,2.313568,0.533883,10.044387,2.693817,-1.448693,7.529080,-4.196353,2.500000,-0.244232,0.180000
10.780000,2.323958,0.505159,10.099825,2.852730,-1.427015,8.360946,-3.999970,2.500000,-0.234203,0.180000
10.800000,2.333776,0.476645,10.158607,3.028178,-1.428941,9.181302,-3.775439,2.500000,-0.222785,0.180000
10.820000,2.343022,0.447798,10.221061,3.219857,-1.461488,9.982814,-3.525139,2.500000,-0.209811,0.180000
10.840000,2.351681,0.417935,10.287507,3.427326,-1.531703,10.759505,-3.251668,2.500000,-0.195110,0.180000
10.860000,2.359727,0.386233,10.358255,3.650044,-1.646317,11.507681,-2.957820,2.500000,-0.178513,0.180000
10.880000,2.367112,0.351746,10.433606,3.887439,-1.811377,12.226840,-2.646559,2.500000,-0.159856,0.180000
10.900000,2.373771,0.313411,10.513847,4.138951,-2.031820,12.920366,-2.320988,2.500000,-0.138993,0.180000
10.920000,2.379615,0.270079,10.599255,4.404130,-2.311080,13.595789,-1.984320,2.500000,-0.115808,0.180000
10.940000,2.384533,0.220563,10.690102,4.682733,-2.650686,14.264444,-1.639850,2.500000,-0.090223,0.180000
10.960000,2.388389,0.163656,10.786654,4.974756,-3.049736,14.940265,-1.290921,2.500000,-0.062221,0.180000
10.980000,2.391022,0.098203,10.889183,5.280488,-3.504200,15.637366,-0.940893,2.500000,-0.031857,0.180000
11.000000,2.392253,0.023173,10.997968,5.600462,-4.005757,16.365937,-0.593113,2.500000,0.000718,0.180000
11.020000,2.391880,-0.062246,11.113301,5.935337,-4.539856,17.125544,-0.250880,2.500000,0.035237,0.180000
11.040000,2.389691,-0.158481,11.235484,6.285556,-5.082409,17.894489,0.082581,2.500000,0.071285,0.180000
11.060000,2.385470,-0.265343,11.364824,6.650790,-5.594676,18.613328,0.404153,2.500000,0.108275,0.180000
11.080000,2.379013,-0.381670,11.501603,7.028972,-6.015906,19.160882,0.710856,2.500000,0.145412,0.180000
11.100000,2.370157,-0.504769,11.646033,7.414680,-6.254399,19.323697,0.999873,2.500000,0.181666,0.180000
11.120000,2.358809,-0.629779,11.798172,7.797173,-6.181630,18.769986,1.268575,2.500000,0.215749,0.180000
11.140000,2.345005,-0.748910,11.957777,8.157793,-5.639389,17.058948,1.514549,2.500000,0.246136,0.180000
11.160000,2.328965,-0.851210,12.124153,8.468771,-4.479508,13.744563,1.735616,2.500000,0.271142,0.180000
11.180000,2.311156,-0.923576,12.295966,8.695402,-2.648689,8.621502,1.929855,2.500000,0.289099,0.180000
11.200000,2.292306,-0.953578,12.471177,8.803710,-0.288631,2.032946,2.095616,2.500000,0.298642,0.180000
11.220000,2.273345,-0.933954,12.647185,8.773370,2.241500,-5.043515,2.231537,2.500000,0.299021,0.180000
11.240000,2.255273,-0.865788,12.821200,8.607048,4.496278,-11.373311,2.336554,2.500000,0.290312,0.180000
11.260000,2.238978,-0.758173,12.990722,8.329481,6.149440,-16.071820,2.409915,2.500000,0.273392,0.180000
11.280000,2.225119,-0.624523,13.153878,7.976663,7.101736,-18.914199,2.451179,2.500000,0.249697,0.180000
11.300000,2.214081,-0.478231,13.309521,7.583399,7.437354,-20.189968,2.460222,2.500000,0.220902,0.180000
11.320000,2.206002,-0.330060,13.457124,7.176275,7.318078,-20.382540,2.437240,2.500000,0.188648,0.180000
11.340000,2.200840,-0.187468,13.596595,6.772303,6.903430,-19.939874,2.382740,2.500000,0.154388,0.180000
11.360000,2.198435,-0.055056,13.728100,6.380706,6.317421,-19.188960,2.297537,2.500000,0.119326,0.180000
11.380000,2.198553,0.064660,13.851932,6.005400,5.645177,-18.336812,2.182747,2.500000,0.084415,0.180000
11.400000,2.200929,0.170539,13.968430,5.647125,4.941045,-17.500769,2.039771,2.500000,0.050381,0.180000
11.420000,2.205280,0.262316,14.077925,5.304856,4.238101,-16.739530,1.870280,2.500000,0.017762,0.180000
11.440000,2.211329,0.340208,14.180720,4.976874,3.555983,-16.076457,1.676205,2.500000,-0.013062,0.180000
11.460000,2.218800,0.404766,14.277081,4.661128,2.905899,-15.514810,1.459707,2.500000,-0.041837,0.180000
11.480000,2.227435,0.456700,14.367233,4.355653,2.294115,-15.047276,1.223162,2.500000,-0.068413,0.180000
11.500000,2.236989,0.496809,14.451364,4.058689,1.723891,-14.661630,0.969136,2.500000,-0.092716,0.180000
11.520000,2.247234,0.525941,14.529627,3.768730,1.196626,-14.344147,0.700359,2.500000,-0.114739,0.180000
11.540000,2.257959,0.544962,14.602151,3.484558,0.712520,-14.081597,0.419696,2.500000,-0.134523,0.180000
11.560000,2.268971,0.554726,14.669041,3.205183,0.270895,-13.862405,0.130120,2.500000,-0.152145,0.180000
11.580000,2.280092,0.556072,14.730385,2.929834,-0.129571,-13.677256,-0.165316,2.500000,-0.167710,0.180000
11.600000,2.291163,0.549805,14.786258,2.657908,-0.490698,-13.519309,-0.463511,2.500000,-0.181339,0.180000
11.620000,2.302039,0.536692,14.836721,2.388912,-0.814683,-13.384122,-0.761345,2.500000,-0.193163,0.180000
11.640000,2.312590,0.517449,14.881831,2.122410,-1.103966,-13.269389,-1.055713,2.500000,-0.203317,0.180000
11.660000,2.322700,0.492748,14.921632,1.858003,-1.361072,-13.174523,-1.343551,2.500000,-0.211934,0.180000
11.680000,2.332268,0.463205,14.956162,1.595291,-1.588476,-13.100185,-1.621868,2.500000,-0.219138,0.180000
11.700000,2.341200,0.429391,14.985452,1.333850,-1.788462,-13.047792,-1.887775,2.500000,-0.225044,0.180000
11.720000,2.349418,0.391835,15.009521,1.073222,-1.962998,-13.019048,-2.138514,2.500000,-0.229754,0.180000
11.740000,2.356852,0.351030,15.028383,0.812920,-2.113630,-13.015529,-2.371484,2.500000,-0.233351,0.180000
11.760000,2.363441,0.307442,15.042037,0.552425,-2.241398,-13.038350,-2.584264,2.500000,-0.235903,0.180000
11.780000,2.369134,0.261523,15.050475,0.291207,-2.346772,-13.087886,-2.774641,2.500000,-0.237459,0.180000
11.800000,2.373889,0.213722,15.053677,0.028735,-2.429599,-13.163571,-2.940629,2.500000,-0.238045,0.180000
11.820000,2.377673,0.164495,15.051613,-0.235499,-2.489079,-13.263774,-3.080486,2.500000,-0.237667,0.180000
11.840000,2.380463,0.114324,15.044242,-0.501961,-2.523749,-13.385739,-3.192734,2.500000,-0.236312,0.180000
11.860000,2.382243,0.063724,15.031517,-0.771048,-2.531484,-13.525620,-3.276172,2.500000,-0.233941,0.180000
11.880000,2.383013,0.013262,15.013381,-1.043073,-2.509535,-13.678608,-3.329887,2.500000,-0.230496,0.180000
11.900000,2.382779,-0.036437,14.989773,-1.318244,-2.454591,-13.839182,-3.353263,2.500000,-0.225899,0.180000
11.920000,2.381565,-0.084677,14.960629,-1.596652,-2.362886,-14.001504,-3.345987,2.500000,-0.220051,0.180000
11.940000,2.379407,-0.130681,14.925885,-1.878278,-2.230356,-14.159960,-3.308050,2.500000,-0.212835,0.180000
11.960000,2.376358,-0.173591,14.885477,-2.162994,-2.052838,-14.309849,-3.239748,2.500000,-0.204120,0.180000
11.980000,2.372490,-0.212467,14.839346,-2.450593,-1.826322,-14.448170,-3.141681,2.500000,-0.193765,0.180000
12.000000,2.367893,-0.246293,14.787436,-2.740840,-1.547207,-14.574441,-3.014742,2.500000,-0.181620,0.180000
12.020000,2.362679,-0.273986,14.729696,-3.033511,-1.212578,-14.691457,-2.860112,2.500000,-0.167538,0.180000
12.040000,2.356982,-0.294412,14.666081,-3.328477,-0.820425,-14.805839,-2.679246,2.500000,-0.151379,0.180000
12.060000,2.350959,-0.306412,14.596542,-3.625795,-0.369806,-14.928273,-2.473861,2.500000,-0.133016,0.180000
12.080000,2.344790,-0.308817,14.521031,-3.925760,0.139028,-15.073342,-2.245916,2.500000,-0.112352,0.180000
12.100000,2.338678,-0.300472,14.439490,-4.228998,0.704583,-15.258850,-1.997594,2.500000,-0.089322,0.180000
12.120000,2.332850,-0.280273,14.351843,-4.536515,1.324041,-15.504592,-1.731281,2.500000,-0.063909,0.180000
12.140000,2.327553,-0.247182,14.257991,-4.849714,1.993008,-15.830439,-1.449543,2.500000,-0.036159,0.180000
12.160000,2.323055,-0.200264,14.157804,-5.170386,2.704975,-16.253485,-1.155099,2.500000,-0.006191,0.180000
12.180000,2.319640,-0.138760,14.051112,-5.500572,3.450107,-16.783717,-0.850794,2.500000,0.025785,0.180000
12.200000,2.317605,-0.062140,13.937704,-5.842425,4.213160,-17.417179,-0.539577,2.500000,0.059443,0.180000
12.220000,2.317256,0.029728,13.817325,-6.197767,4.969783,-18.125115,-0.224463,2.500000,0.094325,0.180000
12.240000,2.318893,0.136350,13.689697,-6.567461,5.680857,-18.836968,0.091490,2.500000,0.129806,0.180000
12.260000,2.322799,0.256256,13.554537,-6.950388,6.284600,-19.415760,0.405211,2.500000,0.165066,0.180000
12.280000,2.329212,0.386404,13.411625,-7.341673,6.687287,-19.627570,0.713651,2.500000,0.199062,0.180000
12.300000,2.338289,0.521541,13.260883,-7.730707,6.758299,-19.118920,1.013806,2.500000,0.230510,0.180000
12.320000,2.350053,0.653478,13.102535,-8.098622,6.340500,-17.436880,1.302751,2.500000,0.257902,0.180000
12.340000,2.364332,0.770952,12.937265,-8.417420,5.295467,-14.151697,1.577666,2.500000,0.279601,0.180000
12.360000,2.380707,0.860861,12.766393,-8.652891,3.591542,-9.115162,1.835868,2.500000,0.294019,0.180000
12.380000,2.398502,0.911281,12.591922,-8.772976,1.394783,-2.741607,2.074830,2.500000,0.299902,0.180000
12.400000,2.416850,0.915768,12.416365,-8.760185,-0.931349,3.978213,2.292210,2.500000,0.296631,0.180000
12.420000,2.434836,0.875982,12.242373,-8.619292,-2.969703,9.897149,2.485874,2.500000,0.284391,0.180000
12.440000,2.451653,0.800844,12.072287,-8.374806,-4.436682,14.263704,2.653917,2.500000,0.264121,0.180000
12.460000,2.466717,0.702838,11.907848,-8.060114,-5.260482,16.939532,2.794679,2.500000,0.237269,0.180000
12.480000,2.479696,0.594148,11.750139,-7.706536,-5.527551,18.222474,2.906763,2.500000,0.205492,0.180000
12.500000,2.490477,0.484455,11.599688,-7.337535,-5.386422,18.555588,2.989049,2.500000,0.170410,0.180000
12.520000,2.499113,0.380448,11.456640,-6.967972,-4.980562,18.335825,3.040705,2.500000,0.133471,0.180000
12.540000,2.505761,0.286244,11.320918,-6.605864,-4.421891,17.847942,3.061195,2.500000,0.095890,0.180000
12.560000,2.510643,0.204062,11.192332,-6.254643,-3.788890,17.269025,3.050282,2.500000,0.058647,0.180000
12.580000,2.514010,0.134833,11.070654,-5.915059,-3.133788,16.695713,3.008037,2.500000,0.022503,0.180000
12.600000,2.516123,0.078627,10.955657,-5.586478,-2.490690,16.171315,2.934832,2.500000,-0.011972,0.180000
12.620000,2.517239,0.034973,10.847129,-5.267802,-1.882056,15.706259,2.831337,2.500000,-0.044370,0.180000
12.640000,2.517600,0.003015,10.744886,-4.957890,-1.322852,15.291996,2.698520,2.500000,-0.074421,0.180000
12.660000,2.517430,-0.018339,10.648761,-4.655905,-0.823200,14.910185,2.537632,2.500000,-0.101971,0.180000
12.680000,2.516929,-0.030354,10.558600,-4.361414,-0.389730,14.538805,2.350197,2.500000,-0.126960,0.180000
12.700000,2.516269,-0.034396,10.474254,-4.074427,-0.026265,14.156308,2.137998,2.500000,-0.149408,0.180000
12.720000,2.515597,-0.031881,10.395570,-3.795358,0.265865,13.744400,1.903061,2.500000,-0.169394,0.180000
12.740000,2.515028,-0.024231,10.322383,-3.524938,0.487631,13.289731,1.647633,2.500000,-0.187045,0.180000
12.760000,2.514652,-0.012825,10.254509,-3.264106,0.642104,12.784655,1.374164,2.500000,-0.202522,0.180000
12.780000,2.514531,0.001037,10.191747,-3.013902,0.734130,12.227164,1.085283,2.500000,-0.216005,0.180000
12.800000,2.514702,0.016166,10.133875,-2.775351,0.769944,11.620198,0.783771,2.500000,-0.227685,0.180000
12.820000,2.515179,0.031507,10.080649,-2.549379,0.756701,10.970547,0.472537,2.500000,-0.237755,0.180000
12.840000,2.515958,0.046157,10.031811,-2.336751,0.702017,10.287576,0.154589,2.500000,-0.246403,0.180000
12.860000,2.517016,0.059363,9.987087,-2.138027,0.613548,9.581983,-0.166991,2.500000,-0.253808,0.180000
12.880000,2.518319,0.070523,9.946195,-1.953550,0.498661,8.864746,-0.489083,2.500000,-0.260134,0.180000
12.900000,2.519820,0.079179,9.908849,-1.783445,0.364194,8.146316,-0.808552,2.500000,-0.265532,0.180000
12.920000,2.521467,0.085002,9.874762,-1.627642,0.216317,7.436086,-1.122279,2.500000,-0.270136,0.180000
12.940000,2.523200,0.087779,9.843649,-1.485893,0.060470,6.742100,-1.427194,2.500000,-0.274065,0.180000
12.960000,2.524957,0.087399,9.815235,-1.357805,-0.098642,6.070959,-1.720302,2.500000,-0.277421,0.180000
12.980000,2.526675,0.083838,9.789249,-1.242867,-0.257002,5.427849,-1.998709,2.500000,-0.280294,0.180000
13.000000,2.528290,0.077147,9.765436,-1.140478,-0.411225,4.816673,-2.259657,2.500000,-0.282760,0.180000
13.020000,2.529741,0.067436,9.743551,-1.049969,-0.558487,4.240202,-2.500540,2.500000,-0.284886,0.180000
13.040000,2.530968,0.054869,9.723363,-0.970626,-0.696446,3.700268,-2.718937,2.500000,-0.286726,0.180000
13.060000,2.531918,0.039653,9.704657,-0.901708,-0.823186,3.197917,-2.912630,2.500000,-0.288327,0.180000
13.080000,2.532538,0.022027,9.687230,-0.842456,-0.937151,2.733572,-3.079625,2.500000,-0.289727,0.180000
13.100000,2.532784,0.002260,9.670899,-0.792112,-1.037097,2.307169,-3.218175,2.500000,-0.290959,0.180000
13.120000,2.532616,-0.019357,9.655492,-0.749919,-1.122057,1.918250,-3.326789,2.500000,-0.292051,0.180000
13.140000,2.532000,-0.042517,9.640853,-0.715137,-1.191301,1.566067,-3.404254,2.500000,-0.293024,0.180000
13.160000,2.530907,-0.066901,9.626842,-0.687038,-1.244318,1.249637,-3.449639,2.500000,-0.293896,0.180000
13.180000,2.529318,-0.092180,9.613331,-0.664920,-1.280791,0.967797,-3.462309,2.500000,-0.294683,0.180000
13.200000,2.527217,-0.118021,9.600210,-0.648104,-1.300584,0.719247,-3.441929,2.500000,-0.295395,0.180000
13.220000,2.524595,-0.144092,9.587376,-0.635938,-1.303730,0.502561,-3.388464,2.500000,-0.296043,0.180000
13.240000,2.521454,-0.170061,9.574745,-0.627800,-1.290419,0.316223,-3.302184,2.500000,-0.296633,0.180000
13.260000,2.517796,-0.195601,9.562241,-0.623098,-1.260992,0.158628,-3.183660,2.500000,-0.297170,0.180000
13.280000,2.513634,-0.220396,9.549802,-0.621274,-1.215934,0.028084,-3.033754,2.500000,-0.297658,0.180000
13.300000,2.508987,-0.244138,9.537375,-0.621806,-1.155862,-0.077169,-2.853619,2.500000,-0.298100,0.180000
13.320000,2.503878,-0.266535,9.524917,-0.624205,-1.081527,-0.158969,-2.644679,2.500000,-0.298497,0.180000
13.340000,2.498337,-0.287310,9.512397,-0.628021,-0.993798,-0.219234,-2.408622,2.500000,-0.298849,0.180000
13.360000,2.492398,-0.306205,9.499790,-0.632844,-0.893661,-0.259953,-2.147382,2.500000,-0.299156,0.180000
13.380000,2.486102,-0.322981,9.487079,-0.638302,-0.782209,-0.283186,-1.863121,2.500000,-0.299418,0.180000
13.400000,2.479494,-0.337425,9.474256,-0.644069,-0.660630,-0.291070,-1.558206,2.500000,-0.299633,0.180000
13.420000,2.472622,-0.349347,9.461316,-0.649858,-0.530203,-0.285813,-1.235192,2.500000,-0.299800,0.180000
13.440000,2.465538,-0.358584,9.448263,-0.655429,-0.392281,-0.269680,-0.896794,2.500000,-0.299917,0.180000
13.460000,2.458298,-0.364998,9.435102,-0.660588,-0.248283,-0.244989,-0.545863,2.500000,-0.299984,0.180000
13.480000,2.450958,-0.368484,9.421843,-0.665187,-0.099682,-0.214116,-0.185360,2.500000,-0.299999,0.180000
13.500000,2.443578,-0.368965,9.408499,-0.669127,0.052009,-0.179479,0.181674,2.500000,-0.299960,0.180000
13.520000,2.436220,-0.366393,9.395083,-0.672357,0.205254,-0.143507,0.552141,2.500000,-0.299868,0.180000
13.540000,2.428943,-0.360754,9.381609,-0.674875,0.358501,-0.108645,0.922919,2.500000,-0.299721,0.180000
13.560000,2.421810,-0.352064,9.368092,-0.676727,0.510205,-0.077336,1.290893,2.500000,-0.299518,0.180000
13.580000,2.414881,-0.340367,9.354545,-0.678009,0.658833,-0.052024,1.652974,2.500000,-0.299260,0.180000
13.600000,2.408215,-0.325741,9.340975,-0.678864,0.802884,-0.035131,2.006138,2.500000,-0.298947,0.180000
13.620000,2.401870,-0.308292,9.327391,-0.679486,0.940900,-0.029025,2.347448,2.500000,-0.298578,0.180000
13.640000,2.395901,-0.288154,9.313795,-0.680112,1.071483,-0.036028,2.674081,2.500000,-0.298154,0.180000
13.660000,2.390360,-0.265490,9.300185,-0.681028,1.193302,-0.058415,2.983354,2.500000,-0.297674,0.180000
13.680000,2.385297,-0.240489,9.286550,-0.682566,1.305107,-0.098402,3.272748,2.500000,-0.297139,0.180000
13.700000,2.380755,-0.213362,9.272876,-0.685097,1.405736,-0.158147,3.539931,2.500000,-0.296546,0.180000
13.720000,2.376775,-0.184341,9.259137,-0.689038,1.494131,-0.239732,3.782779,2.500000,-0.295894,0.180000
13.740000,2.373392,-0.153684,9.245301,-0.694845,1.569347,-0.345150,3.999392,2.500000,-0.295181,0.180000
13.760000,2.370637,-0.121661,9.231327,-0.703015,1.630553,-0.476335,4.188114,2.500000,-0.294404,0.180000
13.780000,2.368533,-0.088560,9.217161,-0.714083,1.677051,-0.635136,4.347543,2.500000,-0.293557,0.180000
13.800000,2.367100,-0.054681,9.202741,-0.728617,1.708275,-0.823322,4.476547,2.500000,-0.292635,0.180000
13.820000,2.366349,-0.020333,9.187990,-0.747223,1.723808,-1.042566,4.574270,2.500000,-0.291629,0.180000
13.840000,2.366287,0.014165,9.172820,-0.770537,1.723390,-1.294432,4.640139,2.500000,-0.290528,0.180000
13.860000,2.366914,0.048495,9.157132,-0.799228,1.706927,-1.580359,4.673867,2.500000,-0.289319,0.180000
13.880000,2.368224,0.082336,9.140811,-0.833988,1.674509,-1.901637,4.675456,2.500000,-0.287985,0.180000
13.900000,2.370203,0.115371,9.123727,-0.875536,1.626423,-2.259368,4.645194,2.500000,-0.286508,0.180000
13.920000,2.372831,0.147292,9.105739,-0.924611,1.563182,-2.654411,4.583650,2.500000,-0.284861,0.180000
13.940000,2.376085,0.177802,9.086688,-0.981966,1.485541,-3.087325,4.491668,2.500000,-0.283017,0.180000
13.960000,2.379932,0.206624,9.066400,-1.048358,1.394536,-3.558289,4.370357,2.500000,-0.280940,0.180000
13.980000,2.384337,0.233504,9.044688,-1.124549,1.291523,-4.066999,4.221079,2.500000,-0.278589,0.180000
14.000000,2.389258,0.258216,9.021348,-1.211285,1.178222,-4.612548,4.045434,2.500000,-0.275916,0.180000
14.020000,2.394650,0.280578,8.996162,-1.309286,1.056769,-5.193307,3.845244,2.500000,-0.272863,0.180000
14.040000,2.400464,0.300450,8.968897,-1.419234,0.929777,-5.806775,3.622536,2.500000,-0.269362,0.180000
14.060000,2.406651,0.317753,8.939308,-1.541752,0.800398,-6.449436,3.379518,2.500000,-0.265337,0.180000
14.080000,2.413157,0.332475,8.907139,-1.677376,0.672379,-7.116643,3.118560,2.500000,-0.260697,0.180000
14.100000,2.419933,0.344686,8.872123,-1.826542,0.550110,-7.802549,2.842169,2.500000,-0.255340,0.180000
14.120000,2.426929,0.354551,8.833985,-1.989557,0.438651,-8.500103,2.552965,2.500000,-0.249150,0.180000
14.140000,2.434101,0.362342,8.792448,-2.166571,0.343720,-9.201174,2.253657,2.500000,-0.241996,0.180000
14.160000,2.441411,0.368452,8.747229,-2.357568,0.271632,-9.896851,1.947013,2.500000,-0.233734,0.180000
14.180000,2.448831,0.373405,8.698053,-2.562347,0.229165,-10.577915,1.635837,2.500000,-0.224206,0.180000
14.200000,2.456344,0.377863,8.644646,-2.780528,0.223364,-11.235532,1.322942,2.500000,-0.213246,0.180000
14.220000,2.463948,0.382630,8.586746,-3.011563,0.261252,-11.862149,1.011118,2.500000,-0.200678,0.180000
14.240000,2.471658,0.388649,8.524102,-3.254770,0.349483,-12.452497,0.703115,2.500000,-0.186324,0.180000
14.260000,2.479509,0.396985,8.456479,-3.509406,0.493961,-13.004592,0.401609,2.500000,-0.170011,0.180000
14.280000,2.487561,0.408813,8.383655,-3.774716,0.699441,-13.520607,0.109180,2.500000,-0.151575,0.180000
14.300000,2.495894,0.425392,8.305424,-4.050032,0.969149,-14.007364,-0.171711,2.500000,-0.130879,0.180000
14.320000,2.504616,0.448018,8.221590,-4.334888,1.304491,-14.476291,-0.438745,2.500000,-0.107815,0.180000
14.340000,2.513863,0.478002,8.131966,-4.629067,1.704706,-14.942662,-0.689767,2.500000,-0.082325,0.180000
14.360000,2.523794,0.516618,8.036365,-4.932695,2.166531,-15.423904,-0.922804,2.500000,-0.054412,0.180000
14.380000,2.534593,0.565035,7.934592,-5.246237,2.683607,-15.936752,-1.136086,2.500000,-0.024157,0.180000
14.400000,2.546467,0.624257,7.826444,-5.570441,3.245438,-16.492734,-1.328054,2.500000,0.008260,0.180000
14.420000,2.559641,0.695044,7.711697,-5.906238,3.835619,-17.091293,-1.497382,2.500000,0.042541,0.180000
14.440000,2.574349,0.777710,7.590113,-6.254251,4.428484,-17.709140,-1.642983,2.500000,0.078245,0.180000
14.460000,2.590826,0.871927,7.461448,-6.614286,4.984269,-18.284191,-1.764016,2.500000,0.114759,0.180000
14.480000,2.609295,0.976436,7.325471,-6.984522,5.442453,-18.693098,-1.859897,2.500000,0.151274,0.180000
14.500000,2.629935,1.088406,7.182031,-7.359583,5.713191,-18.723220,-1.930300,2.500000,0.186754,0.180000
14.520000,2.652848,1.202902,7.031127,-7.728810,5.673246,-18.051816,-1.975158,2.500000,0.219927,0.180000
14.540000,2.678017,1.312267,6.873036,-8.074162,5.175356,-16.262549,-1.994660,2.500000,0.249307,0.180000
14.560000,2.705235,1.405970,6.708494,-8.369135,4.088087,-12.952517,-1.989251,2.500000,0.273273,0.180000
14.580000,2.734068,1.471578,6.538827,-8.580961,2.375109,-7.964226,-1.959624,2.500000,0.290250,0.180000
14.600000,2.763834,1.497728,6.366019,-8.678750,0.183345,-1.657305,-1.906707,2.500000,0.298971,0.180000
14.620000,2.793669,1.477976,6.192562,-8.644591,-2.146911,5.043168,-1.831659,2.500000,0.298769,0.180000
14.640000,2.822655,1.413680,6.021096,-8.482007,-4.207168,11.008764,-1.735852,2.500000,0.289755,0.180000
14.660000,2.849976,1.313498,5.853982,-8.214560,-5.703687,15.447905,-1.620857,2.500000,0.272789,0.180000
14.680000,2.875038,1.189912,5.692990,-7.875659,-6.548950,18.167619,-1.488428,2.500000,0.249250,0.180000
14.700000,2.897500,1.055377,5.539215,-7.497557,-6.820548,19.436558,-1.340480,2.500000,0.220736,0.180000
14.720000,2.917248,0.919927,5.393183,-7.104904,-6.666612,19.698537,-1.179072,2.500000,0.188823,0.180000
14.740000,2.934339,0.790560,5.255009,-6.713545,-6.234347,19.366967,-1.006386,2.500000,0.154914,0.180000
14.760000,2.948941,0.671630,5.124573,-6.332133,-5.639606,18.746140,-0.824701,2.500000,0.120183,0.180000
14.780000,2.961290,0.565513,5.001632,-5.964311,-4.963108,18.030176,-0.636370,2.500000,0.085568,0.180000
14.800000,2.971654,0.473296,4.885905,-5.610814,-4.257567,17.329576,-0.443798,2.500000,0.051794,0.180000
14.820000,2.980316,0.395187,4.777111,-5.270667,-3.555985,16.699083,-0.249419,2.500000,0.019403,0.180000
14.840000,2.987554,0.330885,4.675000,-4.942224,-2.878802,16.159222,-0.055664,2.500000,-0.011214,0.180000
14.860000,2.993639,0.279784,4.579356,-4.623680,-2.238656,15.710639,0.135055,2.500000,-0.039792,0.180000
14.880000,2.998827,0.241045,4.489999,-4.313264,-1.643284,15.343273,0.320373,2.500000,-0.066168,0.180000
14.900000,3.003357,0.213721,4.406781,-4.009507,-1.097461,15.042085,0.497998,2.500000,-0.090262,0.180000
14.920000,3.007446,0.196796,4.329582,-3.711250,-0.603922,14.790616,0.665729,2.500000,-0.112058,0.180000
14.940000,3.011291,0.189209,4.258300,-3.417651,-0.163910,14.573277,0.821481,2.500000,-0.131593,0.180000
14.960000,3.015069,0.189883,4.192848,-3.128179,0.222542,14.376721,0.963306,2.500000,-0.148944,0.180000
14.980000,3.018934,0.197758,4.133148,-2.842521,0.556469,14.190635,1.089408,2.500000,-0.164217,0.180000
15.000000,3.023020,0.211804,4.079123,-2.560533,0.839822,14.008038,1.198165,2.500000,-0.177534,0.180000
15.020000,3.027441,0.231033,4.030702,-2.282196,1.075287,13.825189,1.288143,2.500000,-0.189031,0.180000
15.040000,3.032290,0.254518,3.987811,-2.007533,1.266118,13.641217,1.358111,2.500000,-0.198846,0.180000
15.060000,3.037644,0.281404,3.950376,-1.736549,1.415924,13.457579,1.407050,2.500000,-0.207114,0.180000
15.080000,3.043564,0.310906,3.918325,-1.469207,1.528446,13.277404,1.434165,2.500000,-0.213962,0.180000
15.100000,3.050093,0.342317,3.891584,-1.205401,1.607358,13.104851,1.438893,2.500000,-0.219508,0.180000
15.120000,3.057265,0.375000,3.870086,-0.944931,1.656100,12.944527,1.420905,2.500000,-0.223853,0.180000
15.140000,3.065098,0.408381,3.853767,-0.687508,1.677734,12.800995,1.380112,2.500000,-0.227083,0.180000
15.160000,3.073601,0.441946,3.842568,-0.432752,1.674851,12.678392,1.316663,2.500000,-0.229264,0.180000
15.180000,3.082774,0.475226,3.836442,-0.180209,1.649500,12.580180,1.230947,2.500000,-0.230445,0.180000
15.200000,3.092606,0.507786,3.835348,0.070635,1.603153,12.508976,1.123582,2.500000,-0.230655,0.180000
15.220000,3.103078,0.539217,3.839260,0.320341,1.536686,12.466470,0.995415,2.500000,-0.229903,0.180000
15.240000,3.114164,0.569121,3.848158,0.569491,1.450380,12.453426,0.847509,2.500000,-0.228179,0.180000
15.260000,3.125830,0.597099,3.862040,0.818674,1.343932,12.469730,0.681136,2.500000,-0.225453,0.180000
15.280000,3.138032,0.622739,3.880909,1.068470,1.216479,12.514508,0.497759,2.500000,-0.221679,0.180000
15.300000,3.150721,0.645609,3.904786,1.319434,1.066636,12.586297,0.299023,2.500000,-0.216790,0.180000
15.320000,3.163835,0.665243,3.933698,1.572090,0.892550,12.683281,0.086733,2.500000,-0.210704,0.180000
15.340000,3.177306,0.681134,3.967684,1.826921,0.691965,12.803597,-0.137159,2.500000,-0.203326,0.180000
15.360000,3.191052,0.692728,4.006792,2.084378,0.462316,12.945704,-0.370576,2.500000,-0.194546,0.180000
15.380000,3.204982,0.699415,4.051080,2.344890,0.200835,13.108809,-0.611339,2.500000,-0.184245,0.180000
15.400000,3.218991,0.700530,4.100611,2.608876,-0.095325,13.293328,-0.857181,2.500000,-0.172297,0.180000
15.420000,3.232961,0.695351,4.155461,2.876777,-0.428951,13.501341,-1.105777,2.500000,-0.158574,0.180000
15.440000,3.246758,0.683105,4.215712,3.149111,-0.802650,13.736995,-1.354763,2.500000,-0.142952,0.180000
15.460000,3.260233,0.662965,4.281459,3.426488,-1.218694,14.006800,-1.601758,2.500000,-0.125315,0.180000
15.480000,3.273218,0.634063,4.352810,3.709673,-1.678884,14.319729,-1.844393,2.500000,-0.105564,0.180000
15.500000,3.285531,0.595504,4.429890,3.999636,-2.184397,14.687061,-2.080326,2.500000,-0.083627,0.180000
15.520000,3.296968,0.546381,4.512848,4.297601,-2.735564,15.121845,-2.307271,2.500000,-0.059466,0.180000
15.540000,3.307310,0.485786,4.601858,4.605050,-3.331463,15.637760,-2.523016,2.500000,-0.033092,0.180000
15.560000,3.316317,0.412844,4.697126,4.923736,-3.969265,16.247126,-2.725449,2.500000,-0.004579,0.180000
15.580000,3.323736,0.326772,4.798895,5.255614,-4.643025,16.957447,-2.912574,2.500000,0.025920,0.180000
15.600000,3.329297,0.226957,4.907451,5.602684,-5.341600,17.765516,-3.082531,2.500000,0.058148,0.180000
15.620000,3.332720,0.113071,5.023116,5.966738,-6.045275,18.647607,-3.233617,2.500000,0.091725,0.180000
15.640000,3.333727,-0.014668,5.146241,6.348696,-6.720184,19.543486,-3.364297,2.500000,0.126111,0.180000
15.660000,3.332048,-0.155178,5.277179,6.747777,-7.310569,20.332358,-3.473224,2.500000,0.160572,0.180000
15.680000,3.327451,-0.305955,5.416240,7.159891,-7.728841,20.800820,-3.559247,2.500000,0.194148,0.180000
15.700000,3.319772,-0.462345,5.563599,7.575463,-7.847557,20.612483,-3.621428,2.500000,0.225624,0.180000
15.720000,3.308969,-0.616773,5.719168,7.976964,-7.503917,19.309923,-3.659042,2.500000,0.253534,0.180000
15.740000,3.295186,-0.758326,5.882405,8.337177,-6.535766,16.408491,-3.671592,2.500000,0.276227,0.180000
15.760000,3.278812,-0.873474,6.052143,8.620709,-4.865003,11.636913,-3.658810,2.500000,0.292028,0.180000
15.780000,3.260513,-0.948933,6.226481,8.791778,-2.604106,5.259822,-3.620660,2.500000,0.299518,0.180000
15.800000,3.241180,-0.975938,6.402899,8.826473,-0.091900,-1.800581,-3.557334,2.500000,0.297853,0.180000
15.820000,3.221804,-0.953938,6.578616,8.723519,2.224828,-8.307740,-3.469260,2.500000,0.287003,0.180000
15.840000,3.203299,-0.890621,6.751062,8.504273,3.997898,-13.320778,-3.357085,2.500000,0.267758,0.180000
15.860000,3.186371,-0.798542,6.918239,8.202756,5.099038,-16.540709,-3.221681,2.500000,0.241512,0.180000
15.880000,3.171462,-0.690755,7.078853,7.853115,5.589024,-18.198052,-3.064126,2.500000,0.209942,0.180000
15.900000,3.158773,-0.578064,7.232224,7.482246,5.616583,-18.742632,-2.885700,2.500000,0.174739,0.180000
15.920000,3.148320,-0.468132,7.378121,7.107908,5.336904,-18.608253,-2.687872,2.500000,0.137431,0.180000
15.940000,3.139996,-0.365795,7.516587,6.740265,4.875168,-18.117903,-2.472283,2.500000,0.099309,0.180000
15.960000,3.133619,-0.273738,7.647810,6.384169,4.320394,-17.477814,-2.240734,2.500000,0.061414,0.180000
15.980000,3.128970,-0.193198,7.772042,6.041363,3.732052,-16.804243,-1.995167,2.500000,0.024554,0.180000
